laptop_timestamp,timestamp_ms,temp_c,humidity_pct,mq2_adc,flame_state,dht_ok,label,experiment
2026-09-11T16:53:24.552,126877,28.50,73.70,215,0,1,normal,baseline
2026-09-11T16:53:27.034,129386,28.50,73.80,215,0,1,normal,baseline
2026-09-11T16:53:29.526,131895,28.50,73.70,217,0,1,normal,baseline
2026-09-11T16:53:32.008,134403,28.50,73.60,216,0,1,normal,baseline
2026-09-11T16:53:34.490,136912,28.50,73.70,210,0,1,normal,baseline
2026-09-11T16:53:36.979,139421,28.50,73.60,208,0,1,normal,baseline
2026-09-11T16:53:39.456,141930,28.50,73.40,212,0,1,normal,baseline
2026-09-11T16:53:41.947,144438,28.50,73.60,210,0,1,normal,baseline
2026-09-11T16:53:44.430,146947,28.50,73.50,211,0,1,normal,baseline
2026-09-11T16:53:46.912,149456,28.50,73.60,211,0,1,normal,baseline
2026-09-11T16:53:49.395,151965,28.60,73.50,210,0,1,normal,baseline
2026-09-11T16:53:51.877,154474,28.50,73.50,209,0,1,normal,baseline
2026-09-11T16:53:54.368,156983,28.50,73.40,200,0,1,normal,baseline
2026-09-11T16:53:56.851,159492,28.50,73.50,204,0,1,normal,baseline
2026-09-11T16:53:59.333,162001,28.50,73.40,212,0,1,normal,baseline
2026-09-11T16:54:01.815,164510,28.50,73.40,208,0,1,normal,baseline
2026-09-11T16:54:04.298,167019,28.50,73.40,206,0,1,normal,baseline
2026-09-11T16:54:06.790,169528,28.50,73.50,206,0,1,normal,baseline
2026-09-11T16:54:09.274,172037,28.60,73.40,207,0,1,normal,baseline
2026-09-11T16:54:11.755,174546,28.50,73.40,209,0,1,normal,baseline
2026-09-11T16:54:14.239,177055,28.60,73.40,208,0,1,normal,baseline
2026-09-11T16:54:16.727,179564,28.50,73.40,208,0,1,normal,baseline
2026-09-11T16:54:19.204,182073,28.50,73.40,208,0,1,normal,baseline
2026-09-11T16:54:21.695,184582,28.50,73.40,207,0,1,normal,baseline
2026-09-11T16:54:24.178,187091,28.50,73.50,207,0,1,normal,baseline
2026-09-11T16:54:26.660,189600,28.50,73.50,207,0,1,normal,baseline
2026-09-11T16:54:29.143,192109,28.50,73.50,208,0,1,normal,baseline
2026-09-11T16:54:31.633,194618,28.50,73.40,208,0,1,normal,baseline
2026-09-11T16:54:34.116,197128,28.60,73.40,207,0,1,normal,baseline
2026-09-11T16:54:36.600,199637,28.50,73.30,208,0,1,normal,baseline
2026-09-11T16:54:39.085,202146,28.50,73.40,208,0,1,normal,baseline
2026-09-11T16:54:41.569,204655,28.60,73.40,212,0,1,normal,baseline
2026-09-11T16:54:44.049,207164,28.50,73.40,214,0,1,normal,baseline
2026-09-11T16:54:46.532,209673,28.60,73.40,218,0,1,normal,baseline
2026-09-11T16:54:49.014,212182,28.60,73.40,217,0,1,normal,baseline
2026-09-11T16:54:51.505,214691,28.60,73.30,214,0,1,normal,baseline
2026-09-11T16:54:53.990,217200,28.60,73.30,214,0,1,normal,baseline
2026-09-11T16:54:56.470,219709,28.50,73.40,213,0,1,normal,baseline
2026-09-11T16:54:58.952,222218,28.60,73.30,213,0,1,normal,baseline
2026-09-11T16:55:01.435,224727,28.50,73.10,212,0,1,normal,baseline
2026-09-11T16:55:03.927,227236,28.50,73.30,213,0,1,normal,baseline
2026-09-11T16:55:06.412,229745,28.60,73.20,212,0,1,normal,baseline
2026-09-11T16:55:08.896,232254,28.60,73.40,211,0,1,normal,baseline
2026-09-11T16:55:11.376,234763,28.50,73.20,212,0,1,normal,baseline
2026-09-11T16:55:13.859,237272,28.50,73.30,212,0,1,normal,baseline
2026-09-11T16:55:16.341,239781,28.50,73.30,212,0,1,normal,baseline
2026-09-11T16:55:18.832,242290,28.60,73.30,212,0,1,normal,baseline
2026-09-11T16:55:21.314,244799,28.50,73.30,213,0,1,normal,baseline
2026-09-11T16:55:23.797,247308,28.40,73.30,212,0,1,normal,baseline
2026-09-11T16:55:26.280,249817,28.50,73.40,212,0,1,normal,baseline
2026-09-11T16:55:28.762,252326,28.50,73.50,209,0,1,normal,baseline
2026-09-11T16:55:31.253,254834,28.50,73.60,209,0,1,normal,baseline
2026-09-11T16:55:33.736,257343,28.50,73.40,208,0,1,normal,baseline
2026-09-11T16:55:36.202,259852,28.60,73.50,207,0,1,normal,baseline
2026-09-11T16:55:38.685,262361,28.50,73.60,205,0,1,normal,baseline
2026-09-11T16:55:41.171,264870,28.50,73.50,205,0,1,normal,baseline
2026-09-11T16:55:43.659,267379,28.40,73.50,205,0,1,normal,baseline
2026-09-11T16:55:46.137,269887,28.50,73.70,206,0,1,normal,baseline
2026-09-11T16:55:48.625,272396,28.50,73.50,207,0,1,normal,baseline
2026-09-11T16:55:51.112,274905,28.40,73.40,208,0,1,normal,baseline
2026-09-11T16:55:53.595,277414,28.50,73.60,209,0,1,normal,baseline
2026-09-11T16:55:56.078,279923,28.50,73.60,210,0,1,normal,baseline
2026-09-11T16:55:58.560,282431,28.50,73.60,211,0,1,normal,baseline
2026-09-11T16:56:01.043,284940,28.50,73.60,211,0,1,normal,baseline
2026-09-11T16:56:03.534,287449,28.40,73.60,211,0,1,normal,baseline
2026-09-11T16:56:06.011,289958,28.40,73.60,211,0,1,normal,baseline
2026-09-11T16:56:08.498,292466,28.50,73.70,210,0,1,normal,baseline
2026-09-11T16:56:10.984,294975,28.40,73.70,211,0,1,normal,baseline
2026-09-11T16:56:13.467,297483,28.50,73.60,212,0,1,normal,baseline
2026-09-11T16:56:15.950,299992,28.50,73.70,211,0,1,normal,baseline
2026-09-11T16:56:18.439,302501,28.40,73.60,210,0,1,normal,baseline
2026-09-11T16:56:20.924,305010,28.50,73.80,207,0,1,normal,baseline
2026-09-11T16:56:23.408,307519,28.40,73.60,207,0,1,normal,baseline
2026-09-11T16:56:25.889,310027,28.50,73.70,209,0,1,normal,baseline
2026-09-11T16:56:28.371,312536,28.40,73.70,209,0,1,normal,baseline
2026-09-11T16:56:30.853,315045,28.40,73.60,208,0,1,normal,baseline
2026-09-11T16:56:33.345,317553,28.40,73.80,210,0,1,normal,baseline
2026-09-11T16:56:35.827,320062,28.40,73.80,209,0,1,normal,baseline
2026-09-11T16:56:38.310,322571,28.40,73.90,208,0,1,normal,baseline
2026-09-11T16:56:40.791,325079,28.40,73.70,207,0,1,normal,baseline
2026-09-11T16:56:43.277,327588,28.40,73.80,208,0,1,normal,baseline
2026-09-11T16:56:45.766,330096,28.50,73.70,207,0,1,normal,baseline
2026-09-11T16:56:48.249,332605,28.40,73.80,207,0,1,normal,baseline
2026-09-11T16:56:50.731,335114,28.40,73.70,200,0,1,normal,baseline
2026-09-11T16:56:53.214,337622,28.50,73.70,200,0,1,normal,baseline
2026-09-11T16:56:55.696,340131,28.30,73.80,200,0,1,normal,baseline
2026-09-11T16:56:58.187,342640,28.40,73.90,202,0,1,normal,baseline
2026-09-11T16:57:00.665,345148,28.40,73.70,206,0,1,normal,baseline
2026-09-11T16:57:03.156,347657,28.40,73.80,205,0,1,normal,baseline
2026-09-11T16:57:05.638,350166,28.40,73.80,205,0,1,normal,baseline
2026-09-11T16:57:08.124,352674,28.40,73.90,203,0,1,normal,baseline
2026-09-11T16:57:10.608,355183,28.40,73.90,200,0,1,normal,baseline
2026-09-11T16:57:13.093,357692,28.30,73.90,200,0,1,normal,baseline
2026-09-11T16:57:15.572,360200,28.40,74.00,202,0,1,normal,baseline
2026-09-11T16:57:18.060,362709,28.50,73.90,202,0,1,normal,baseline
2026-09-11T16:57:20.544,365218,28.40,73.90,203,0,1,normal,baseline
2026-09-11T16:57:23.009,367726,28.40,73.90,202,0,1,normal,baseline
2026-09-11T16:57:25.492,370235,28.40,73.90,203,0,1,normal,baseline
2026-09-11T16:57:27.975,372744,28.50,73.70,202,0,1,normal,baseline
2026-09-11T16:57:30.461,375252,28.40,74.00,201,0,1,normal,baseline
2026-09-11T16:57:32.951,377761,28.50,73.80,201,0,1,normal,baseline
2026-09-11T16:57:35.434,380270,28.40,73.80,201,0,1,normal,baseline
2026-09-11T16:57:37.920,382778,28.40,73.80,200,0,1,normal,baseline
2026-09-11T16:57:40.404,385287,28.40,73.60,200,0,1,normal,baseline
2026-09-11T16:57:42.882,387796,28.40,73.80,199,0,1,normal,baseline
2026-09-11T16:57:45.372,390304,28.40,73.70,199,0,1,normal,baseline
2026-09-11T16:57:47.856,392813,28.40,73.90,201,0,1,normal,baseline
2026-09-11T16:57:50.338,395322,28.40,73.70,202,0,1,normal,baseline
2026-09-11T16:57:52.821,397830,28.40,73.90,191,0,1,normal,baseline
2026-09-11T16:57:55.307,400339,28.40,73.90,187,0,1,normal,baseline
2026-09-11T16:57:57.786,402848,28.40,73.80,187,0,1,normal,baseline
2026-09-11T16:58:00.276,405356,28.40,73.80,188,0,1,normal,baseline
2026-09-11T16:58:02.760,407865,28.50,73.80,187,0,1,normal,baseline
2026-09-11T16:58:05.242,410374,28.40,73.80,188,0,1,normal,baseline
2026-09-11T16:58:07.725,412882,28.40,74.00,190,0,1,normal,baseline
2026-09-11T16:58:10.215,415391,28.50,73.80,188,0,1,normal,baseline
2026-09-11T16:58:12.698,417900,28.50,73.80,188,0,1,normal,baseline
2026-09-11T16:58:15.181,420408,28.40,73.90,189,0,1,normal,baseline
2026-09-11T16:58:17.664,422917,28.50,73.70,189,0,1,normal,baseline
2026-09-11T16:58:20.146,425426,28.40,73.80,188,0,1,normal,baseline
2026-09-11T16:58:22.630,427934,28.50,73.70,188,0,1,normal,baseline
2026-09-11T16:58:25.113,430443,28.50,73.70,188,0,1,normal,baseline
2026-09-11T16:58:27.604,432952,28.40,73.60,187,0,1,normal,baseline
2026-09-11T16:58:30.086,435461,28.40,73.60,187,0,1,normal,baseline
2026-09-11T16:58:32.569,437969,28.50,73.70,187,0,1,normal,baseline
2026-09-11T16:58:35.052,440478,28.40,73.50,187,0,1,normal,baseline
2026-09-11T16:58:37.534,442987,28.50,73.70,185,0,1,normal,baseline
2026-09-11T16:58:40.026,445496,28.40,73.80,184,0,1,normal,baseline
2026-09-11T16:58:42.506,448004,28.50,73.60,184,0,1,normal,baseline
2026-09-11T16:58:44.994,450513,28.40,73.70,184,0,1,normal,baseline
2026-09-11T16:58:47.471,453022,28.40,73.60,184,0,1,normal,baseline
2026-09-11T16:58:49.962,455530,28.40,73.80,185,0,1,normal,baseline
2026-09-11T16:58:52.445,458039,28.40,73.80,185,0,1,normal,baseline
2026-09-11T16:58:54.927,460548,28.40,73.70,186,0,1,normal,baseline
2026-09-11T16:58:57.410,463056,28.40,73.80,186,0,1,normal,baseline
2026-09-11T16:58:59.900,465565,28.40,73.60,187,0,1,normal,baseline
2026-09-11T16:59:02.367,468074,28.40,74.00,185,0,1,normal,baseline
2026-09-11T16:59:04.853,470582,28.40,73.90,186,0,1,normal,baseline
2026-09-11T16:59:07.337,473091,28.40,73.70,186,0,1,normal,baseline
2026-09-11T16:59:09.815,475600,28.40,73.90,186,0,1,normal,baseline
2026-09-11T16:59:12.305,478108,28.40,73.80,186,0,1,normal,baseline
2026-09-11T16:59:14.788,480617,28.40,73.80,187,0,1,normal,baseline
2026-09-11T16:59:17.272,483126,28.40,73.90,186,0,1,normal,baseline
2026-09-11T16:59:19.757,485634,28.40,73.90,186,0,1,normal,baseline
2026-09-11T16:59:22.243,488143,28.40,74.00,186,0,1,normal,baseline
2026-09-11T16:59:24.727,490652,28.40,73.90,185,0,1,normal,baseline
2026-09-11T16:59:27.210,493160,28.40,73.90,200,0,1,normal,baseline
2026-09-11T16:59:29.692,495669,28.30,73.80,199,0,1,normal,baseline
2026-09-11T16:59:32.180,498178,28.40,74.00,203,0,1,normal,baseline
2026-09-11T16:59:34.657,500686,28.50,73.90,191,0,1,normal,baseline
2026-09-11T16:59:37.148,503195,28.30,73.80,190,0,1,normal,baseline
2026-09-11T16:59:39.631,505704,28.40,74.00,191,0,1,normal,baseline
2026-09-11T16:59:42.115,508212,28.40,73.90,191,0,1,normal,baseline
2026-09-11T16:59:44.595,510721,28.40,74.10,189,0,1,normal,baseline
2026-09-11T16:59:47.078,513230,28.40,74.00,190,0,1,normal,baseline
2026-09-11T16:59:49.569,515738,28.40,74.00,190,0,1,normal,baseline
2026-09-11T16:59:52.056,518247,28.40,74.00,190,0,1,normal,baseline
2026-09-11T16:59:54.535,520756,28.40,73.90,189,0,1,normal,baseline
2026-09-11T16:59:57.017,523264,28.40,73.70,188,0,1,normal,baseline
2026-09-11T16:59:59.500,525773,28.30,73.80,189,0,1,normal,baseline
2026-09-11T17:00:01.991,528282,28.50,73.70,187,0,1,normal,baseline
2026-09-11T17:00:04.475,530790,28.40,73.70,187,0,1,normal,baseline
2026-09-11T17:00:06.960,533299,28.50,73.80,186,0,1,normal,baseline
2026-09-11T17:00:09.438,535807,28.40,73.70,186,0,1,normal,baseline
2026-09-11T17:00:11.921,538316,28.50,73.60,186,0,1,normal,baseline
2026-09-11T17:00:14.412,540825,28.50,73.60,185,0,1,normal,baseline
2026-09-11T17:00:16.896,543333,28.50,73.70,181,0,1,normal,baseline
2026-09-11T17:00:19.377,545842,28.40,73.60,180,0,1,normal,baseline
2026-09-11T17:00:21.860,548351,28.40,73.60,179,0,1,normal,baseline
2026-09-11T17:00:24.343,550860,28.50,73.70,181,0,1,normal,baseline
2026-09-11T17:00:26.833,553369,28.40,73.60,182,0,1,normal,baseline
2026-09-11T17:00:29.316,555877,28.40,73.70,219,0,1,normal,baseline
2026-09-11T17:00:31.799,558386,28.40,73.70,206,0,1,normal,baseline
2026-09-11T17:00:34.286,560894,28.40,73.70,205,0,1,normal,baseline
2026-09-11T17:00:36.763,563403,28.40,73.80,198,0,1,normal,baseline
2026-09-11T17:00:39.237,565912,28.40,73.70,195,0,1,normal,baseline
2026-09-11T17:00:41.721,568420,28.40,73.80,197,0,1,normal,baseline
2026-09-11T17:00:44.202,570929,28.40,73.70,199,0,1,normal,baseline
2026-09-11T17:00:46.684,573437,28.40,73.70,201,0,1,normal,baseline
2026-09-11T17:00:49.176,575946,28.40,73.80,201,0,1,normal,baseline
2026-09-11T17:00:51.658,578455,28.40,73.80,203,0,1,normal,baseline
2026-09-11T17:00:54.144,580963,28.40,73.70,201,0,1,normal,baseline
2026-09-11T17:00:56.628,583472,28.40,73.70,201,0,1,normal,baseline
2026-09-11T17:00:59.106,585981,28.30,73.70,202,0,1,normal,baseline
2026-09-11T17:01:01.597,588490,28.30,73.70,200,0,1,normal,baseline
2026-09-11T17:01:04.080,590998,28.40,73.70,199,0,1,normal,baseline
2026-09-11T17:01:06.564,593507,28.40,73.70,199,0,1,normal,baseline
2026-09-11T17:01:09.051,596015,28.40,73.70,199,0,1,normal,baseline
2026-09-11T17:01:11.528,598524,28.40,73.50,198,0,1,normal,baseline
2026-09-11T17:01:14.010,601033,28.40,73.60,202,0,1,normal,baseline
2026-09-11T17:01:16.501,603542,28.40,73.60,202,0,1,normal,baseline
2026-09-11T17:01:18.984,606051,28.40,73.50,203,0,1,normal,baseline
2026-09-11T17:01:21.471,608560,28.40,73.60,201,0,1,normal,baseline
2026-09-11T17:01:23.955,611069,28.40,73.50,201,0,1,normal,baseline
2026-09-11T17:01:26.439,613578,28.50,73.50,202,0,1,normal,baseline
2026-09-11T17:01:28.922,616087,28.40,73.70,201,0,1,normal,baseline
2026-09-11T17:01:31.408,618596,28.40,73.50,199,0,1,normal,baseline
2026-09-11T17:01:33.887,621105,28.40,73.50,198,0,1,normal,baseline
2026-09-11T17:01:36.370,623614,28.40,73.50,198,0,1,normal,baseline
2026-09-11T17:01:38.853,626123,28.40,73.50,198,0,1,normal,baseline
2026-09-11T17:01:41.344,628631,28.40,73.70,198,0,1,normal,baseline
2026-09-11T17:01:43.827,631141,28.50,73.50,198,0,1,normal,baseline
2026-09-11T17:01:46.313,633649,28.40,73.60,198,0,1,normal,baseline
2026-09-11T17:01:48.791,636158,28.40,73.60,198,0,1,normal,baseline
2026-09-11T17:01:51.281,638667,28.40,73.60,198,0,1,normal,baseline
2026-09-11T17:01:53.765,641176,28.30,73.70,200,0,1,normal,baseline
2026-09-11T17:01:56.248,643685,28.40,73.60,200,0,1,normal,baseline
2026-09-11T17:01:58.730,646194,28.40,73.70,201,0,1,normal,baseline
2026-09-11T17:02:01.212,648702,28.40,73.70,202,0,1,normal,baseline
2026-09-11T17:02:03.703,651211,28.40,73.60,200,0,1,normal,baseline
2026-09-11T17:02:06.186,653720,28.30,73.60,197,0,1,normal,baseline
2026-09-11T17:02:08.669,656229,28.40,73.80,198,0,1,normal,baseline
2026-09-11T17:02:11.151,658737,28.40,73.60,200,0,1,normal,baseline
2026-09-11T17:02:13.635,661246,28.40,73.70,201,0,1,normal,baseline
2026-09-11T17:02:16.117,663755,28.40,73.70,200,0,1,normal,baseline
2026-09-11T17:02:18.607,666264,28.30,73.70,200,0,1,normal,baseline
2026-09-11T17:02:21.092,668772,28.40,73.60,200,0,1,normal,baseline
2026-09-11T17:02:23.572,671281,28.40,73.60,200,0,1,normal,baseline
2026-09-11T17:02:26.054,673790,28.40,73.60,198,0,1,normal,baseline
2026-09-11T17:02:28.545,676299,28.40,73.70,198,0,1,normal,baseline
2026-09-11T17:02:31.030,678808,28.40,73.60,197,0,1,normal,baseline
2026-09-11T17:02:33.510,681317,28.40,73.60,199,0,1,normal,baseline
2026-09-11T17:02:35.998,683825,28.40,73.60,199,0,1,normal,baseline
2026-09-11T17:02:38.483,686334,28.40,73.70,199,0,1,normal,baseline
2026-09-11T17:02:40.967,688843,28.40,73.80,197,0,1,normal,baseline
2026-09-11T17:02:43.449,691351,28.40,73.70,198,0,1,normal,baseline
2026-09-11T17:02:45.932,693860,28.40,73.80,198,0,1,normal,baseline
2026-09-11T17:02:48.414,696369,28.30,73.60,198,0,1,normal,baseline
2026-09-11T17:02:50.897,698878,28.30,73.70,199,0,1,normal,baseline
2026-09-11T17:02:53.388,701387,28.40,73.60,198,0,1,normal,baseline
2026-09-11T17:02:55.872,703895,28.40,73.70,199,0,1,normal,baseline
2026-09-11T17:02:58.350,706404,28.40,73.60,200,0,1,normal,baseline
2026-09-11T17:03:00.841,708913,28.30,73.50,198,0,1,normal,baseline
2026-09-11T17:03:03.325,711422,28.40,73.50,200,0,1,normal,baseline
2026-09-11T17:03:05.806,713931,28.30,73.40,197,0,1,normal,baseline
2026-09-11T17:03:08.294,716440,28.30,73.50,199,0,1,normal,baseline
2026-09-11T17:03:10.773,718949,28.30,73.50,201,0,1,normal,baseline
2026-09-11T17:03:13.261,721458,28.30,73.50,202,0,1,normal,baseline
2026-09-11T17:03:15.743,723967,28.40,73.50,202,0,1,normal,baseline
2026-09-11T17:03:18.226,726476,28.40,73.60,201,0,1,normal,baseline
2026-09-11T17:03:20.709,728985,28.40,73.50,200,0,1,normal,baseline
2026-09-11T17:03:23.199,731494,28.30,73.50,200,0,1,normal,baseline
2026-09-11T17:03:25.665,734003,28.40,73.50,200,0,1,normal,baseline
2026-09-11T17:03:28.149,736512,28.40,73.50,199,0,1,normal,baseline
2026-09-11T17:03:30.631,739021,28.40,73.50,196,0,1,normal,baseline
2026-09-11T17:03:33.118,741530,28.40,73.40,198,0,1,normal,baseline
2026-09-11T17:03:35.604,744039,28.40,73.50,199,0,1,normal,baseline
2026-09-11T17:03:38.087,746548,28.40,73.60,197,0,1,normal,baseline
2026-09-11T17:03:40.570,749057,28.40,73.50,197,0,1,normal,baseline
2026-09-11T17:03:43.052,751566,28.40,73.50,196,0,1,normal,baseline
2026-09-11T17:03:45.534,754075,28.40,73.50,197,0,1,normal,baseline
2026-09-11T17:03:48.026,756584,28.40,73.40,198,0,1,normal,baseline
2026-09-11T17:03:50.508,759093,28.30,73.50,199,0,1,normal,baseline
2026-09-11T17:03:52.994,761602,28.40,73.20,199,0,1,normal,baseline
2026-09-11T17:03:55.473,764111,28.40,73.40,199,0,1,normal,baseline
2026-09-11T17:03:57.956,766620,28.40,73.40,199,0,1,normal,baseline
2026-09-11T17:04:00.447,769129,28.40,73.40,200,0,1,normal,baseline
2026-09-11T17:04:02.929,771638,28.40,73.30,199,0,1,normal,baseline
2026-09-11T17:04:05.412,774147,28.40,73.40,199,0,1,normal,baseline
2026-09-11T17:04:07.895,776656,28.40,73.40,198,0,1,normal,baseline
2026-09-11T17:04:10.377,779165,28.40,73.50,199,0,1,normal,baseline
2026-09-11T17:04:12.868,781674,28.40,73.50,199,0,1,normal,baseline
2026-09-11T17:04:15.351,784183,28.40,73.40,199,0,1,normal,baseline
2026-09-11T17:04:17.833,786692,28.40,73.50,198,0,1,normal,baseline
2026-09-11T17:04:20.316,789201,28.40,73.30,198,0,1,normal,baseline
2026-09-11T17:04:22.805,791710,28.40,73.50,200,0,1,normal,baseline
2026-09-11T17:04:25.290,794219,28.40,73.60,200,0,1,normal,baseline
2026-09-11T17:04:27.772,796728,28.40,73.60,199,0,1,normal,baseline
2026-09-11T17:04:30.255,799237,28.30,73.70,199,0,1,normal,baseline
2026-09-11T17:04:32.740,801746,28.40,73.50,200,0,1,normal,baseline
2026-09-11T17:04:35.220,804255,28.30,73.50,201,0,1,normal,baseline
2026-09-11T17:04:37.711,806763,28.50,73.70,202,0,1,normal,baseline
2026-09-11T17:04:40.193,809272,28.30,73.60,201,0,1,normal,baseline
2026-09-11T17:04:42.676,811781,28.30,73.80,201,0,1,normal,baseline
2026-09-11T17:04:45.164,814290,28.30,73.70,202,0,1,normal,baseline
2026-09-11T17:04:47.649,816799,28.30,73.70,203,0,1,normal,baseline
2026-09-11T17:04:50.132,819308,28.30,73.70,204,0,1,normal,baseline
2026-09-11T17:04:52.615,821816,28.40,73.70,205,0,1,normal,baseline
2026-09-11T17:04:55.101,824325,28.40,73.70,204,0,1,normal,baseline
2026-09-11T17:04:57.585,826834,28.30,73.60,204,0,1,normal,baseline
2026-09-11T17:05:00.063,829343,28.40,73.70,204,0,1,normal,baseline
2026-09-11T17:05:02.553,831851,28.30,73.60,205,0,1,normal,baseline
2026-09-11T17:05:05.036,834360,28.30,73.70,206,0,1,normal,baseline
2026-09-11T17:05:07.522,836869,28.30,73.70,208,0,1,normal,baseline
2026-09-11T17:05:10.006,839378,28.30,73.60,208,0,1,normal,baseline
2026-09-11T17:05:12.484,841887,28.30,73.80,211,0,1,normal,baseline
2026-09-11T17:05:14.967,844396,28.40,73.60,213,0,1,normal,baseline
2026-09-11T17:05:17.458,846905,28.40,73.80,215,0,1,normal,baseline
2026-09-11T17:05:19.941,849413,28.40,73.80,216,0,1,normal,baseline
2026-09-11T17:05:22.423,851922,28.30,73.50,216,0,1,normal,baseline
2026-09-11T17:05:24.906,854431,28.30,73.80,211,0,1,normal,baseline
2026-09-11T17:05:27.388,856940,28.30,73.70,211,0,1,normal,baseline
2026-09-11T17:05:29.879,859449,28.30,73.70,211,0,1,normal,baseline
2026-09-11T17:05:32.365,861958,28.30,73.70,211,0,1,normal,baseline
2026-09-11T17:05:34.845,864466,28.40,73.70,211,0,1,normal,baseline
2026-09-11T17:05:37.327,866975,28.30,73.60,210,0,1,normal,baseline
2026-09-11T17:05:39.817,869484,28.30,73.70,210,0,1,normal,baseline
2026-09-11T17:05:42.300,871993,28.30,73.70,211,0,1,normal,baseline
2026-09-11T17:05:44.783,874502,28.20,73.70,211,0,1,normal,baseline
2026-09-11T17:05:47.266,877011,28.30,73.50,212,0,1,normal,baseline
2026-09-11T17:05:49.748,879520,28.30,73.50,213,0,1,normal,baseline
2026-09-11T17:05:52.239,882029,28.30,73.70,210,0,1,normal,baseline
2026-09-11T17:05:54.722,884538,28.40,73.50,211,0,1,normal,baseline
2026-09-11T17:05:57.207,887047,28.30,73.50,213,0,1,normal,baseline
2026-09-11T17:05:59.691,889556,28.30,73.60,210,0,1,normal,baseline
2026-09-11T17:06:02.170,892065,28.40,73.60,212,0,1,normal,baseline
2026-09-11T17:06:04.652,894574,28.30,73.70,210,0,1,normal,baseline
2026-09-11T17:06:07.143,897083,28.40,73.60,210,0,1,normal,baseline
2026-09-11T17:06:09.628,899592,28.40,73.60,210,0,1,normal,baseline
2026-09-11T17:06:12.113,902101,28.30,73.50,210,0,1,normal,baseline
2026-09-11T17:06:14.592,904610,28.30,73.60,209,0,1,normal,baseline
2026-09-11T17:06:17.074,907119,28.30,73.50,208,0,1,normal,baseline
2026-09-11T17:06:19.565,909628,28.40,73.60,208,0,1,normal,baseline
2026-09-11T17:06:22.048,912137,28.30,73.60,209,0,1,normal,baseline
2026-09-11T17:06:24.534,914646,28.30,73.60,208,0,1,normal,baseline
2026-09-11T17:06:27.012,917155,28.30,73.70,208,0,1,normal,baseline
2026-09-11T17:06:29.501,919664,28.30,73.50,206,0,1,normal,baseline
2026-09-11T17:06:31.987,922173,28.30,73.50,206,0,1,normal,baseline
2026-09-11T17:06:34.469,924682,28.30,73.50,205,0,1,normal,baseline
2026-09-11T17:06:36.955,927191,28.40,73.60,206,0,1,normal,baseline
2026-09-11T17:06:39.440,929700,28.40,73.50,205,0,1,normal,baseline
2026-09-11T17:06:41.924,932209,28.30,73.40,205,0,1,normal,baseline
2026-09-11T17:06:44.408,934718,28.30,73.40,204,0,1,normal,baseline
2026-09-11T17:06:46.891,937227,28.30,73.40,204,0,1,normal,baseline
2026-09-11T17:06:49.373,939736,28.30,73.40,205,0,1,normal,baseline
2026-09-11T17:06:51.856,942245,28.30,73.40,206,0,1,normal,baseline
2026-09-11T17:06:54.338,944754,28.30,73.50,206,0,1,normal,baseline
2026-09-11T17:06:56.830,947263,28.40,73.40,207,0,1,normal,baseline
2026-09-11T17:06:59.312,949772,28.30,73.30,207,0,1,normal,baseline
2026-09-11T17:07:01.798,952281,28.30,73.40,207,0,1,normal,baseline
2026-09-11T17:07:04.276,954790,28.30,73.40,208,0,1,normal,baseline
2026-09-11T17:07:06.760,957299,28.30,73.40,206,0,1,normal,baseline
2026-09-11T17:07:09.251,959808,28.40,73.40,206,0,1,normal,baseline
2026-09-11T17:07:11.735,962316,28.40,73.40,206,0,1,normal,baseline
2026-09-11T17:07:14.216,964825,28.30,73.30,206,0,1,normal,baseline
2026-09-11T17:07:16.704,967335,28.30,73.30,205,0,1,normal,baseline
2026-09-11T17:07:19.181,969843,28.40,73.30,205,0,1,normal,baseline
2026-09-11T17:07:21.672,972352,28.40,73.30,205,0,1,normal,baseline
2026-09-11T17:07:24.155,974861,28.30,73.20,205,0,1,normal,baseline
2026-09-11T17:07:26.637,977370,28.40,73.20,206,0,1,normal,baseline
2026-09-11T17:07:29.125,979879,28.30,73.30,205,0,1,normal,baseline
2026-09-11T17:07:31.609,982388,28.30,73.30,203,0,1,normal,baseline
2026-09-11T17:07:34.093,984897,28.40,73.30,205,0,1,normal,baseline
2026-09-11T17:07:36.576,987406,28.30,73.30,205,0,1,normal,baseline
2026-09-11T17:07:39.061,989915,28.40,73.70,204,0,1,normal,baseline
2026-09-11T17:07:41.540,992424,28.30,73.50,205,0,1,normal,baseline
2026-09-11T17:07:44.023,994933,28.30,73.40,205,0,1,normal,baseline
2026-09-11T17:07:46.515,997442,28.20,73.40,205,0,1,normal,baseline
2026-09-11T17:07:48.997,999951,28.30,73.40,205,0,1,normal,baseline
2026-09-11T17:07:51.482,1002460,28.30,73.40,205,0,1,normal,baseline
2026-09-11T17:07:53.962,1004969,28.30,73.50,205,0,1,normal,baseline
2026-09-11T17:07:56.445,1007478,28.30,73.50,202,0,1,normal,baseline
2026-09-11T17:07:58.936,1009987,28.40,73.30,203,0,1,normal,baseline
2026-09-11T17:08:01.417,1012496,28.30,73.40,201,0,1,normal,baseline
2026-09-11T17:08:03.903,1015005,28.40,73.40,202,0,1,normal,baseline
2026-09-11T17:08:06.384,1017514,28.40,73.30,201,0,1,normal,baseline
2026-09-11T17:08:08.872,1020023,28.30,73.20,201,0,1,normal,baseline
2026-09-11T17:08:11.356,1022532,28.30,73.50,199,0,1,normal,baseline
2026-09-11T17:08:13.840,1025041,28.30,73.40,208,0,1,normal,baseline
2026-09-11T17:08:16.323,1027551,28.30,73.50,209,0,1,normal,baseline
2026-09-11T17:08:18.804,1030060,28.30,73.30,211,0,1,normal,baseline
2026-09-11T17:08:21.295,1032569,28.40,73.40,214,0,1,normal,baseline
2026-09-11T17:08:23.779,1035078,28.40,73.40,213,0,1,normal,baseline
2026-09-11T17:08:26.261,1037587,28.30,73.30,212,0,1,normal,baseline
2026-09-11T17:08:28.747,1040096,28.40,73.40,211,0,1,normal,baseline
2026-09-11T17:08:31.227,1042605,28.40,73.50,211,0,1,normal,baseline
2026-09-11T17:08:33.709,1045114,28.30,73.40,210,0,1,normal,baseline
2026-09-11T17:08:36.200,1047623,28.40,73.30,211,0,1,normal,baseline
2026-09-11T17:08:38.689,1050132,28.40,73.30,210,0,1,normal,baseline
2026-09-11T17:08:41.165,1052641,28.40,73.30,211,0,1,normal,baseline
2026-09-11T17:08:43.653,1055150,28.40,73.30,210,0,1,normal,baseline
2026-09-11T17:08:46.137,1057659,28.40,73.10,211,0,1,normal,baseline
2026-09-11T17:08:48.621,1060168,28.40,73.20,211,0,1,normal,baseline
2026-09-11T17:08:51.104,1062677,28.40,73.20,211,0,1,normal,baseline
2026-09-11T17:08:53.591,1065186,28.40,73.20,211,0,1,normal,baseline
2026-09-11T17:08:56.070,1067695,28.30,73.20,210,0,1,normal,baseline
2026-09-11T17:08:58.559,1070204,28.40,73.20,210,0,1,normal,baseline
2026-09-11T17:09:01.026,1072713,28.40,73.30,210,0,1,normal,baseline
2026-09-11T17:09:03.511,1075222,28.30,73.30,210,0,1,normal,baseline
2026-09-11T17:09:05.995,1077731,28.40,73.20,211,0,1,normal,baseline
2026-09-11T17:09:08.480,1080241,28.40,73.20,211,0,1,normal,baseline
2026-09-11T17:09:10.964,1082750,28.40,73.10,211,0,1,normal,baseline
2026-09-11T17:09:13.448,1085259,28.40,73.20,211,0,1,normal,baseline
2026-09-11T17:09:15.930,1087768,28.40,73.10,211,0,1,normal,baseline
2026-09-11T17:09:18.413,1090277,28.40,73.10,211,0,1,normal,baseline
2026-09-11T17:09:20.897,1092786,28.40,73.10,209,0,1,normal,baseline
2026-09-11T17:09:23.380,1095295,28.40,73.20,209,0,1,normal,baseline
2026-09-11T17:09:25.870,1097804,28.30,73.10,204,0,1,normal,baseline
2026-09-11T17:09:28.353,1100313,28.30,73.10,205,0,1,normal,baseline
2026-09-11T17:09:30.838,1102822,28.30,73.00,205,0,1,normal,baseline
2026-09-11T17:09:33.320,1105331,28.40,73.10,205,0,1,normal,baseline
2026-09-11T17:09:35.807,1107840,28.40,73.10,206,0,1,normal,baseline
2026-09-11T17:09:38.283,1110349,28.40,73.30,205,0,1,normal,baseline
2026-09-11T17:09:40.775,1112858,28.40,73.30,218,0,1,normal,baseline
2026-09-11T17:09:43.258,1115367,28.30,73.20,217,0,1,normal,baseline
2026-09-11T17:09:45.737,1117876,28.40,73.00,216,0,1,normal,baseline
2026-09-11T17:09:48.228,1120385,28.40,73.10,219,0,1,normal,baseline
2026-09-11T17:09:50.712,1122894,28.40,73.00,219,0,1,normal,baseline
2026-09-11T17:09:53.193,1125403,28.40,73.10,221,0,1,normal,baseline
2026-09-11T17:09:55.675,1127912,28.30,73.20,221,0,1,normal,baseline
2026-09-11T17:09:58.158,1130421,28.40,73.20,222,0,1,normal,baseline
2026-09-11T17:10:00.649,1132930,28.40,73.20,224,0,1,normal,baseline
2026-09-11T17:10:03.132,1135439,28.40,73.20,221,0,1,normal,baseline
2026-09-11T17:10:05.618,1137948,28.40,73.20,223,0,1,normal,baseline
2026-09-11T17:10:08.095,1140457,28.40,73.10,221,0,1,normal,baseline
2026-09-11T17:10:10.586,1142966,28.40,73.20,223,0,1,normal,baseline
2026-09-11T17:10:13.068,1145475,28.40,73.10,220,0,1,normal,baseline
2026-09-11T17:10:15.550,1147984,28.40,73.20,223,0,1,normal,baseline
2026-09-11T17:10:18.033,1150493,28.30,73.10,221,0,1,normal,baseline
2026-09-11T17:10:20.523,1153002,28.40,73.20,220,0,1,normal,baseline
2026-09-11T17:10:23.007,1155511,28.30,73.20,221,0,1,normal,baseline
2026-09-11T17:10:25.490,1158020,28.30,73.10,223,0,1,normal,baseline
2026-09-11T17:10:27.972,1160529,28.30,73.20,225,0,1,normal,baseline
2026-09-11T17:10:30.455,1163038,28.40,73.20,226,0,1,normal,baseline
2026-09-11T17:10:32.945,1165547,28.30,73.00,225,0,1,normal,baseline
2026-09-11T17:10:35.428,1168056,28.30,73.20,225,0,1,normal,baseline
2026-09-11T17:10:37.911,1170565,28.40,73.30,226,0,1,normal,baseline
2026-09-11T17:10:40.393,1173074,28.40,73.20,226,0,1,normal,baseline
2026-09-11T17:10:42.876,1175583,28.30,73.10,224,0,1,normal,baseline
2026-09-11T17:10:45.363,1178092,28.40,73.10,225,0,1,normal,baseline
2026-09-11T17:10:47.845,1180602,28.40,73.20,225,0,1,normal,baseline
2026-09-11T17:10:50.335,1183111,28.40,73.20,224,0,1,normal,baseline
2026-09-11T17:10:52.819,1185620,28.30,73.10,224,0,1,normal,baseline
2026-09-11T17:10:55.304,1188129,28.40,73.00,226,0,1,normal,baseline
2026-09-11T17:10:57.787,1190638,28.40,73.20,230,0,1,normal,baseline
2026-09-11T17:11:00.272,1193147,28.40,73.00,230,0,1,normal,baseline
2026-09-11T17:11:02.749,1195656,28.40,73.10,231,0,1,normal,baseline
2026-09-11T17:11:05.240,1198165,28.40,73.10,231,0,1,normal,baseline
2026-09-11T17:11:07.723,1200674,28.40,73.10,230,0,1,normal,baseline
2026-09-11T17:11:10.206,1203183,28.40,73.00,228,0,1,normal,baseline
2026-09-11T17:11:12.688,1205692,28.40,72.90,229,0,1,normal,baseline
2026-09-11T17:11:15.170,1208201,28.40,73.00,226,0,1,normal,baseline
2026-09-11T17:11:17.661,1210710,28.40,72.80,227,0,1,normal,baseline
2026-09-11T17:11:20.145,1213218,28.40,72.80,226,0,1,normal,baseline
2026-09-11T17:11:22.627,1215727,28.40,72.90,224,0,1,normal,baseline
2026-09-11T17:11:25.109,1218236,28.30,73.00,211,0,1,normal,baseline
2026-09-11T17:11:27.592,1220745,28.40,73.10,218,0,1,normal,baseline
2026-09-11T17:11:30.075,1223254,28.40,72.90,232,0,1,normal,baseline
2026-09-11T17:11:32.566,1225763,28.40,73.00,234,0,1,normal,baseline
2026-09-11T17:11:35.050,1228272,28.40,73.00,234,0,1,normal,baseline
2026-09-11T17:11:37.535,1230781,28.40,73.00,237,0,1,normal,baseline
2026-09-11T17:11:40.019,1233290,28.30,73.00,236,0,1,normal,baseline
2026-09-11T17:11:42.496,1235799,28.50,72.90,234,0,1,normal,baseline
2026-09-11T17:11:44.987,1238308,28.50,72.90,233,0,1,normal,baseline
2026-09-11T17:11:47.470,1240817,28.40,73.00,231,0,1,normal,baseline
2026-09-11T17:11:49.952,1243326,28.40,72.90,229,0,1,normal,baseline
2026-09-11T17:11:52.433,1245835,28.40,72.80,230,0,1,normal,baseline
2026-09-11T17:11:54.924,1248344,28.40,72.80,230,0,1,normal,baseline
2026-09-11T17:11:57.409,1250853,28.40,72.90,230,0,1,normal,baseline
2026-09-11T17:11:59.889,1253362,28.40,72.90,229,0,1,normal,baseline
2026-09-11T17:12:02.372,1255871,28.50,72.80,229,0,1,normal,baseline
2026-09-11T17:12:04.862,1258380,28.50,72.70,228,0,1,normal,baseline
2026-09-11T17:12:07.345,1260889,28.50,72.80,228,0,1,normal,baseline
2026-09-11T17:12:09.827,1263398,28.40,72.70,228,0,1,normal,baseline
2026-09-11T17:12:12.313,1265907,28.50,72.60,227,0,1,normal,baseline
2026-09-11T17:12:14.799,1268416,28.50,72.60,227,0,1,normal,baseline
2026-09-11T17:12:17.283,1270925,28.40,72.80,227,0,1,normal,baseline
2026-09-11T17:12:19.768,1273434,28.50,72.70,227,0,1,normal,baseline
2026-09-11T17:12:22.252,1275943,28.50,72.80,226,0,1,normal,baseline
2026-09-11T17:12:24.732,1278452,28.50,72.80,224,0,1,normal,baseline
2026-09-11T17:12:27.215,1280961,28.40,72.70,224,0,1,normal,baseline
2026-09-11T17:12:29.705,1283470,28.40,72.70,224,0,1,normal,baseline
2026-09-11T17:12:32.189,1285979,28.40,72.80,223,0,1,normal,baseline
2026-09-11T17:12:34.671,1288488,28.50,72.90,223,0,1,normal,baseline
2026-09-11T17:12:37.153,1290997,28.50,72.70,224,0,1,normal,baseline
2026-09-11T17:12:39.636,1293506,28.40,72.80,227,0,1,normal,baseline
2026-09-11T17:12:42.126,1296015,28.40,72.60,227,0,1,normal,baseline
2026-09-11T17:12:44.609,1298524,28.40,72.80,228,0,1,normal,baseline
2026-09-11T17:12:47.095,1301033,28.40,72.90,228,0,1,normal,baseline
2026-09-11T17:12:49.579,1303542,28.40,72.90,227,0,1,normal,baseline
2026-09-11T17:12:52.063,1306051,28.40,72.90,226,0,1,normal,baseline
2026-09-11T17:12:54.540,1308560,28.40,72.80,233,0,1,normal,baseline
2026-09-11T17:12:57.031,1311069,28.40,72.70,231,0,1,normal,baseline
2026-09-11T17:12:59.513,1313578,28.40,72.80,231,0,1,normal,baseline
2026-09-11T17:13:01.996,1316087,28.30,72.80,231,0,1,normal,baseline
2026-09-11T17:13:04.485,1318596,28.40,73.00,231,0,1,normal,baseline
2026-09-11T17:13:06.969,1321105,28.30,72.70,232,0,1,normal,baseline
2026-09-11T17:13:09.450,1323614,28.40,72.90,231,0,1,normal,baseline
2026-09-11T17:13:11.936,1326123,28.30,72.90,232,0,1,normal,baseline
2026-09-11T17:13:14.421,1328632,28.40,72.80,233,0,1,normal,baseline
2026-09-11T17:13:16.902,1331141,28.30,73.00,232,0,1,normal,baseline
2026-09-11T17:13:19.387,1333650,28.40,72.90,233,0,1,normal,baseline
2026-09-11T17:13:21.867,1336159,28.30,72.90,233,0,1,normal,baseline
2026-09-11T17:13:24.358,1338668,28.30,73.00,234,0,1,normal,baseline
2026-09-11T17:13:26.841,1341177,28.30,72.90,233,0,1,normal,baseline
2026-09-11T17:13:29.327,1343686,28.30,73.00,234,0,1,normal,baseline
2026-09-11T17:13:31.804,1346195,28.30,73.00,234,0,1,normal,baseline
2026-09-11T17:13:34.295,1348704,28.30,72.80,234,0,1,normal,baseline
2026-09-11T17:13:36.776,1351213,28.30,73.00,234,0,1,normal,baseline
2026-09-11T17:13:39.261,1353722,28.30,73.00,235,0,1,normal,baseline
2026-09-11T17:13:41.746,1356231,28.30,73.00,235,0,1,normal,baseline
