source_file,window_number,mq2_last,temp_last,humidity_last,flame_last,mq2_mean,mq2_std,mq2_min,mq2_max,mq2_range,mq2_delta,mq2_slope_per_s,temp_mean,temp_std,temp_delta,temp_slope_per_s,humidity_mean,humidity_std,humidity_delta,humidity_slope_per_s,flame_count,flame_fraction,critical_count,label,anomaly_label,phase,window_duration_s,anomaly_score,prediction
sentinel_data_20260911_153823.csv,0,146,28.8,74.9,0,135.6,5.257375771237967,131,146,15,11,0.555654781228637,28.75,0.0500000000000007,0.0,-0.0007246604218677,74.99,0.069999999999996,-0.0999999999999943,-0.0065228682805388,0,0.0,0,normal,0,unknown,22.578000000000003,3.7183093201043667,0
sentinel_data_20260911_153823.csv,1,143,28.7,74.9,0,142.1,1.445683229480096,140,145,5,2,0.1618620194469045,28.71,0.053851648071345,0.0,-0.0026574027951721,74.78,0.0871779788708153,0.0,0.0019326250625802,0,0.0,0,normal,0,unknown,22.578000000000003,3.3954203437152004,0
sentinel_data_20260911_153823.csv,2,145,28.6,75.2,0,142.3,1.676305461424021,140,145,5,2,0.0700579196483121,28.620000000000005,0.0599999999999994,-0.0999999999999978,-0.0048314850402423,75.06,0.1280624847486572,0.4000000000000057,0.0115953021898958,0,0.0,0,normal,0,unknown,22.578999999999997,4.235765207465072,0
sentinel_data_20260911_153823.csv,3,144,28.7,75.5,0,145.2,1.1661903789690602,144,147,3,0,-0.0048282215221713,28.590000000000003,0.053851648071345,0.0999999999999978,0.0002416036657171,75.27,0.1268857754044972,0.2999999999999971,0.0161857122966327,0,0.0,0,normal,0,unknown,22.579000000000008,3.491063251327571,0
sentinel_data_20260911_153823.csv,4,140,28.6,75.1,0,141.5,1.5,140,144,4,-4,-0.1811834903277122,28.600000000000005,0.0447213595499956,0.1000000000000014,0.0009664146628733,75.22,0.1077032961426926,-0.3000000000000113,-0.0101463910121167,0,0.0,0,normal,0,unknown,22.579000000000008,3.4600678485891505,0
sentinel_data_20260911_153823.csv,5,138,28.6,74.9,0,138.5,0.9219544457292888,137,140,3,1,-0.0217424214973839,28.610000000000003,0.0299999999999993,0.0,0.0016910173134121,75.14,0.1019803902718554,-0.2999999999999971,-0.0043484457832287,0,0.0,0,normal,0,unknown,22.579000000000008,3.43760011805069,0
sentinel_data_20260911_153823.csv,6,171,28.8,75.2,0,152.6,18.2931681236466,135,181,46,32,2.048450296382716,28.68,0.0599999999999994,0.1999999999999993,0.0053144717828385,75.22,0.1166190378969071,0.0,-0.0057974445203406,0,0.0,0,normal,0,unknown,22.579999999999984,6.967995929739198,0
sentinel_data_20260911_153823.csv,7,177,28.7,74.9,0,173.9,2.808914381037628,169,177,8,8,0.3502836575173215,28.74,0.0489897948556642,0.0,0.0024158277232084,75.02000000000001,0.0748331477354745,-0.0999999999999943,-0.003865085555243,0,0.0,0,normal,0,unknown,22.579000000000008,2.4825544259834813,0
sentinel_data_20260911_153823.csv,8,180,28.7,74.8,0,174.8,2.4,171,180,9,5,0.1304544241112709,28.76,0.0489897948556642,-0.1000000000000014,-0.0057979102084091,74.72,0.0871779788708143,0.2000000000000028,0.0043486733933186,0,0.0,0,normal,0,unknown,22.57900000000004,3.602032717866114,0
sentinel_data_20260911_153823.csv,9,191,28.8,75.0,0,183.2,4.66476151587624,178,191,13,10,0.5266300206333513,28.73,0.045825756949559,0.1000000000000014,0.0031403574322284,74.94999999999999,0.1118033988749888,0.2000000000000028,0.0084546751478489,0,0.0,0,normal,0,unknown,22.579000000000008,2.8978345389733167,0
sentinel_data_20260911_153823.csv,10,187,28.8,74.6,0,186.9,1.374772708486752,185,189,4,-2,-0.1425361540133737,28.790000000000003,0.0300000000000004,0.0,0.0007247777325947,75.95000000000002,1.7188659051828332,-5.700000000000003,-0.2036548004948981,0,0.0,0,normal,0,unknown,22.57799999999997,16.817885816427328,1
sentinel_data_20260911_153823.csv,11,191,28.8,74.3,0,188.4,1.2806248474865698,186,191,5,5,0.135288598535159,28.790000000000003,0.0300000000000004,0.0,0.0007247672279949,74.48999999999998,0.129999999999999,-0.2999999999999971,-0.0123210428759034,0,0.0,0,normal,0,unknown,22.57800000000003,2.2393163358966754,0
sentinel_data_20260911_153823.csv,12,192,28.8,74.4,0,193.0,2.23606797749979,190,196,6,1,0.2077656710849714,28.75,0.0500000000000007,0.0,0.0012078257380516,74.36,0.0800000000000014,0.0,-0.0053148184266437,0,0.0,0,normal,0,unknown,22.57800000000003,1.7901326811004674,0
sentinel_data_20260911_153823.csv,13,192,28.6,74.4,0,192.1,1.0440306508910548,190,193,3,1,0.1038785577815512,28.690000000000005,0.0699999999999996,-0.0999999999999978,0.0007246499229023,74.41,0.0700000000000004,-0.0999999999999943,-0.0060394940301446,0,0.0,0,normal,0,unknown,22.579000000000008,2.8482997056381483,0
sentinel_data_20260911_153823.csv,14,192,28.6,74.6,0,194.0,3.714835124201342,190,201,11,-5,-0.3575314523801053,28.65,0.0499999999999989,-0.0999999999999978,-0.0002416013310337,74.47,0.1004987562112055,0.1999999999999886,0.0036239044128572,0,0.0,0,normal,0,unknown,22.579000000000008,2.2219896634915637,0
sentinel_data_20260911_153823.csv,15,192,28.6,74.6,0,193.8,1.98997487421324,192,197,5,0,0.0531397106595144,28.610000000000003,0.0299999999999993,0.0,0.0002416509344103,74.59,0.104403065089104,0.1999999999999886,0.0021737029222794,0,0.0,0,normal,0,unknown,22.579000000000008,1.5943982689164347,0
sentinel_data_20260911_153823.csv,16,200,28.6,74.6,0,193.7,2.6095976701399777,190,200,10,7,0.0362387639232762,28.620000000000005,0.0599999999999994,0.0,0.0009663387925703,74.47999999999999,0.1166190378969042,0.1999999999999886,0.0057975320417878,0,0.0,0,normal,0,unknown,22.579000000000008,1.811129706744785,0
sentinel_data_20260911_153823.csv,17,195,28.7,74.6,0,195.7,2.491987158875422,191,199,8,4,0.0314049340409739,28.64,0.0663324958071073,0.0,0.0009661427157442,74.5,0.0632455532033639,0.0999999999999943,0.0009663352895382,0,0.0,0,normal,0,unknown,22.58000000000004,2.0981565887461593,0
sentinel_data_20260911_153823.csv,18,196,28.6,74.6,0,193.9,1.044030650891055,192,196,4,3,0.0314047064549016,28.590000000000003,0.053851648071345,0.0,0.0021740653213558,74.48,0.0979795897113241,0.1999999999999886,0.0038653131561418,0,0.0,0,normal,0,unknown,22.579000000000008,1.7124323908983041,0
sentinel_data_20260911_153823.csv,19,193,28.6,74.1,0,194.8,0.9797958971132712,193,197,4,-2,-0.0483153289585328,28.630000000000003,0.0458257569495574,-0.0999999999999978,-0.0012080469211775,74.34,0.162480768092718,-0.5,-0.0212585675635944,0,0.0,0,normal,0,unknown,22.57899999999995,2.351590089059282,0
sentinel_data_20260911_153823.csv,20,194,28.6,74.2,0,194.3,1.4866068747318506,192,197,5,1,0.0700573594739055,28.640000000000004,0.0489897948556625,0.0,5.731248734513421e-16,74.21000000000001,0.1300000000000004,-0.0999999999999943,0.0079721506102643,0,0.0,0,normal,0,unknown,22.579000000000065,1.3154623508895473,0
sentinel_data_20260911_153823.csv,21,195,28.7,74.1,0,195.1,0.5385164807134505,194,196,2,0,-0.0265738353607164,28.69,0.0538516480713446,0.0999999999999978,0.0007247654755521,74.14000000000001,0.0489897948556677,-0.1000000000000085,-0.0048314873749756,0,0.0,0,normal,0,unknown,22.579000000000065,2.1235300105063044,0
sentinel_data_20260911_153823.csv,22,196,28.6,73.9,0,195.8,1.077032961426901,194,198,4,0,0.0724719254491589,28.690000000000005,0.0538516480713446,-0.0999999999999978,-0.0026574605711719,73.91,0.0943398113205655,-0.0999999999999943,-0.0055560217452305,0,0.0,0,normal,0,unknown,22.57899999999995,2.4105233418110545,0
sentinel_data_20260911_153823.csv,23,195,28.6,74.1,0,194.9,0.9433981132056604,193,196,3,0,-0.0314048873592833,28.620000000000005,0.0399999999999991,0.0,-0.0019325106751975,73.96000000000001,0.0916515138991165,0.0999999999999943,0.0082135651840197,0,0.0,0,normal,0,unknown,22.57899999999995,1.4855751500648433,0
sentinel_data_20260911_153823.csv,24,192,28.5,74.4,0,193.1,1.0440306508910548,192,195,3,-3,-0.1183711885952065,28.54,0.0489897948556642,-0.1000000000000014,-0.0028987117457577,74.33,0.1099999999999999,0.2000000000000028,0.0123203915517819,0,0.0,0,normal,0,unknown,22.579000000000065,2.3971539166530875,0
sentinel_data_20260911_153823.csv,25,205,28.5,74.6,0,205.4,8.845337754998392,192,229,37,13,-0.1497627124989156,28.55,0.0500000000000007,0.0,-0.001690990469792,74.54,0.1019803902718554,0.0999999999999943,0.0086964398844531,0,0.0,0,normal,0,unknown,22.58000000000004,2.5549077042940325,0
sentinel_data_20260911_153823.csv,26,204,28.6,74.5,0,203.1,1.1357816691600546,201,205,4,1,0.1183727117660805,28.58,0.0600000000000001,0.1000000000000014,0.0062811338787287,74.5,0.0999999999999971,-0.0999999999999943,-0.0072472695800169,0,0.0,0,normal,0,unknown,22.57899999999995,3.3391505684512035,0
sentinel_data_20260911_153823.csv,27,201,28.6,74.3,0,200.9,1.2206555615733703,199,203,4,-2,-0.0217425790910467,28.610000000000003,0.0299999999999993,0.0,0.0016910552470365,74.38,0.087177978870814,-0.1000000000000085,-0.0077303566894356,0,0.0,0,normal,0,unknown,22.57899999999995,1.6674433743876007,0
sentinel_data_20260911_153823.csv,28,202,28.6,74.2,0,201.0,1.4142135623730951,198,203,5,1,-0.0193216753660983,28.580000000000005,0.0400000000000005,0.1000000000000014,0.0038651824306551,74.21,0.0538516480713448,0.0,0.0021742036334908,0,0.0,0,normal,0,unknown,22.579000000000065,2.3057706598733976,0
sentinel_data_20260911_153823.csv,29,200,28.6,74.4,0,198.6,2.107130750570548,194,202,8,1,-0.0917954098258882,28.590000000000003,0.0300000000000004,0.0,0.0002416398485828,74.39,0.0830662386291806,0.1000000000000085,0.005556291368077,0,0.0,0,normal,0,unknown,22.579000000000065,1.4507893708412163,0
sentinel_data_20260911_153823.csv,30,199,28.7,74.2,0,198.8,1.077032961426901,196,200,4,0,-0.0483133330477811,28.630000000000003,0.0640312423743278,0.0999999999999978,0.0026575376062715,74.35000000000001,0.1118033988749894,-0.2000000000000028,0.0036236347900091,0,0.0,0,normal,0,unknown,22.57899999999995,2.567711605267084,0
sentinel_data_20260911_153823.csv,31,197,28.7,74.0,0,197.5,0.5,197,198,1,0,0.0120792786941964,28.69,0.0538516480713446,0.0,0.0002417011282088,74.07,0.1268857754044934,-0.2999999999999971,-0.0161858867872441,0,0.0,0,normal,0,unknown,22.57799999999997,1.7856003921380514,0
sentinel_data_20260911_153823.csv,32,199,28.8,73.6,0,196.9,1.374772708486752,195,199,4,0,0.0362375034098122,28.78,0.0400000000000005,0.1000000000000014,0.0038654929198429,73.77000000000001,0.1004987562112111,-0.3000000000000113,-0.0108717132826761,0,0.0,0,normal,0,unknown,22.57799999999997,2.709162740772766,0
sentinel_data_20260911_153823.csv,33,197,28.8,73.5,0,197.6,0.4898979485566356,197,198,1,-1,-0.0483194144457879,28.8,0.0,0.0,1.5051790341223768e-16,73.61999999999999,0.087177978870814,-0.0999999999999943,0.0019327919871591,0,0.0,0,normal,0,unknown,22.577,3.5415113197107577,0
sentinel_data_20260911_153823.csv,34,196,28.6,73.7,0,196.7,0.6403124237432849,196,198,2,-1,-0.0217449428755123,28.72000000000001,0.0600000000000001,-0.0999999999999978,-0.0038653610147802,73.62,0.0400000000000034,0.1000000000000085,0.00386536101478,0,0.0,0,normal,0,unknown,22.57799999999997,2.9626827874177692,0
sentinel_data_20260911_153823.csv,35,196,28.7,73.9,0,195.6,0.8,194,197,3,0,-0.0241585573883874,28.68,0.0399999999999991,0.0999999999999978,0.0033820824800503,73.66,0.1019803902718588,0.3000000000000113,0.006763972369559,0,0.0,0,normal,0,unknown,22.57799999999997,2.407260169157174,0
sentinel_data_20260911_153823.csv,36,195,28.6,73.7,0,195.7,0.7810249675906654,194,197,3,-1,-0.0700578380163129,28.610000000000003,0.0299999999999993,0.0,-0.001690978211937,73.81,0.0830662386291821,0.0,0.0026570753956738,0,0.0,0,normal,0,unknown,22.57899999999995,1.585176479943469,0
sentinel_data_20260911_153823.csv,37,197,28.6,73.9,0,194.4,1.8,192,197,5,2,0.0724733961310881,28.620000000000005,0.0399999999999991,0.0,-0.0014494294046992,73.92999999999999,0.0458257569495557,-0.0999999999999943,-0.0031404624751177,0,0.0,0,normal,0,unknown,22.57899999999995,1.2219970968287448,0
sentinel_data_20260911_153823.csv,38,196,28.6,73.9,0,196.4,0.4898979485566356,196,197,1,0,0.00966275765577,28.660000000000004,0.0489897948556625,0.0,-0.0028988658137236,73.77,0.0781024967590675,0.1000000000000085,0.0041071053198569,0,0.0,0,normal,0,unknown,22.579000000000065,1.8575271397084658,0
sentinel_data_20260911_165323.csv,0,211,28.5,73.6,0,212.5,2.8722813232690143,208,217,9,-4,-0.2729832538201624,28.5,0.0,0.0,4.0214193530422767e-16,73.62,0.1077032961426895,-0.1000000000000085,-0.0101463910121174,0,0.0,0,normal,0,unknown,22.578999999999997,3.2086652993273224,0
sentinel_data_20260911_165323.csv,1,209,28.5,73.4,0,207.1,3.207802986469088,200,212,12,-1,0.0217399181129791,28.52,0.0400000000000005,-0.1000000000000014,-0.0004831092913991,73.44,0.0489897948556607,-0.0999999999999943,-0.0033817650397952,0,0.0,0,normal,0,unknown,22.58099999999999,1.6962342561032213,0
sentinel_data_20260911_165323.csv,2,208,28.5,73.3,0,207.6,0.4898979485566356,207,208,1,0,-0.0096618240645724,28.52,0.0400000000000005,-0.1000000000000014,-0.0004829564282722,73.41999999999999,0.0599999999999994,-0.1000000000000085,-0.0014494853989039,0,0.0,0,normal,0,unknown,22.581999999999997,1.8361604338358344,0
sentinel_data_20260911_165323.csv,3,212,28.5,73.1,0,213.5,2.6172504656604803,208,218,10,4,0.0555575685109342,28.56,0.0489897948556642,0.0,3.162094644922765e-16,73.34,0.0916515138991208,-0.3000000000000113,-0.0091790765365889,0,0.0,0,normal,0,unknown,22.581000000000017,1.1795186853905728,0
sentinel_data_20260911_165323.csv,4,212,28.5,73.4,0,212.1,0.5385164807134505,211,213,2,-1,0.0024155464570003,28.52,0.0600000000000008,0.0,-0.0038648743311952,73.29999999999998,0.0632455532033684,0.1000000000000085,0.0033817650397957,0,0.0,0,normal,0,unknown,22.581000000000017,2.332749447230794,0
sentinel_data_20260911_165323.csv,5,208,28.4,73.4,0,206.9,1.5132745950421556,205,209,4,-1,-0.0942165003201888,28.49,0.0538516480713458,-0.1000000000000014,-0.0036236908115596,73.52,0.0871779788708114,-0.0999999999999943,-0.0004832948636394,0,0.0,0,normal,0,unknown,22.57899999999998,2.4042569222421535,0
sentinel_data_20260911_165323.csv,6,211,28.5,73.7,0,210.7,0.7810249675906655,209,212,3,2,0.0700597872812957,28.47,0.045825756949559,0.0,-0.0012081385656739,73.63000000000001,0.0458257569495623,0.1000000000000085,0.0041070008661105,0,0.0,0,normal,0,unknown,22.57800000000003,1.2182286426449143,0
sentinel_data_20260911_165323.csv,7,207,28.4,73.7,0,208.4,1.1135528725660042,207,210,3,-3,-0.0193297991387443,28.42,0.0400000000000005,0.0,-0.0024159071010613,73.72,0.0979795897113293,0.1000000000000085,0.0067644089144436,0,0.0,0,normal,0,unknown,22.57800000000003,1.4942185737486182,0
sentinel_data_20260911_165323.csv,8,205,28.4,73.8,0,204.0,3.03315017762062,200,208,8,-3,-0.0966355136393589,28.41,0.053851648071345,0.0,-0.0021744049873127,73.77,0.0640312423743277,0.0,0.0021744820276225,0,0.0,0,normal,0,unknown,22.57799999999997,1.4095894475352524,0
sentinel_data_20260911_165323.csv,9,201,28.4,74.0,0,201.8,1.077032961426901,200,203,3,-2,0.0289894984871449,28.41,0.053851648071345,0.0,0.0026574477349654,73.9,0.0774596669241476,0.0999999999999943,-0.0019329413937195,0,0.0,0,normal,0,unknown,22.57800000000003,1.5711898291086515,0
sentinel_data_20260911_165323.csv,10,187,28.4,73.9,0,198.1,4.72122865364515,187,202,15,-14,-0.4421003049338275,28.41,0.0300000000000004,-0.1000000000000014,-0.0021743016839837,73.78999999999999,0.0943398113205685,0.1000000000000085,0.004590128242774,0,0.0,0,normal,0,unknown,22.57799999999997,2.522473413949873,0
sentinel_data_20260911_165323.csv,11,188,28.4,73.8,0,188.2,0.8717797887081347,187,190,3,1,0.0579778413696411,28.44,0.0489897948556642,0.0,0.0014495519646696,73.82000000000001,0.0748331477354795,0.0,-0.0009665477371673,0,0.0,0,normal,0,unknown,22.57799999999997,1.079971064710533,0
sentinel_data_20260911_165323.csv,12,184,28.4,73.7,0,186.1,1.57797338380595,184,188,4,-4,-0.2053422577792515,28.45,0.0500000000000007,-0.1000000000000014,-0.0016912093172349,73.66,0.0800000000000014,0.0,0.0009663668065867,0,0.0,0,normal,0,unknown,22.57899999999995,1.9818499140438843,0
sentinel_data_20260911_165323.csv,13,186,28.4,73.9,0,185.6,0.8,184,187,3,2,0.0676429335397838,28.4,0.0,0.0,-1.2783494154556414e-16,73.78,0.1248999599679701,0.3000000000000113,0.0077306870105273,0,0.0,0,normal,0,unknown,22.57800000000003,3.241046428408983,0
sentinel_data_20260911_165323.csv,14,191,28.5,73.9,0,190.9,6.640030120413611,185,203,18,5,0.6353712796496571,28.4,0.0447213595499956,0.1000000000000014,0.0009662780960831,73.89,0.0700000000000014,0.1000000000000085,0.0041070767399439,0,0.0,0,normal,0,unknown,22.57799999999997,1.989031518489598,0
sentinel_data_20260911_165323.csv,15,189,28.3,73.8,0,189.7,0.9,188,191,3,-1,-0.0893873161074138,28.380000000000003,0.0399999999999991,0.0,-4.684092008773013e-16,73.92,0.1166190378969049,0.0,-0.0057979452203866,0,0.0,0,normal,0,unknown,22.57800000000003,0.9687370998169434,0
sentinel_data_20260911_165323.csv,16,181,28.5,73.7,0,183.8,2.993325909419153,179,187,8,-6,-0.3768734952829613,28.46,0.0489897948556642,0.0,-0.000483042747281,73.67,0.064031242374331,0.0,-0.004106922656159,0,0.0,0,normal,0,unknown,22.57799999999997,1.2346692802247503,0
sentinel_data_20260911_165323.csv,17,201,28.4,73.8,0,200.3,8.866228059327145,182,219,37,19,-0.0410982122397877,28.4,0.0,0.0,6.114918872563328e-16,73.72,0.0599999999999994,0.2000000000000028,0.0048318410515114,0,0.0,0,normal,0,unknown,22.577,3.852037631708708,0
sentinel_data_20260911_165323.csv,18,202,28.4,73.6,0,200.4,1.5620499351813308,198,203,5,-1,-0.1207905458176299,28.380000000000003,0.0399999999999991,0.0,0.0009662057238896,73.68,0.0748331477354795,-0.2000000000000028,-0.0077307243606765,0,0.0,0,normal,0,unknown,22.57799999999997,0.9335421315954276,0
sentinel_data_20260911_165323.csv,19,198,28.4,73.5,0,200.3,1.7916472867168918,198,203,5,-4,-0.2246458205007425,28.41,0.0300000000000004,0.0,-0.0002415546456993,73.53999999999999,0.0663324958071076,-0.0999999999999943,-0.0028986557483966,0,0.0,0,normal,0,unknown,22.581000000000017,1.2486709865145498,0
sentinel_data_20260911_165323.csv,20,200,28.4,73.6,0,199.3,1.417744687875783,198,202,4,2,0.1666821756397253,28.4,0.0447213595499956,0.0,-0.0019324593297553,73.63000000000001,0.064031242374331,-0.1000000000000085,0.0026570689925382,0,0.0,0,normal,0,unknown,22.58000000000004,1.117101622329207,0
sentinel_data_20260911_165323.csv,21,198,28.4,73.7,0,199.2,1.2489995996796797,197,201,4,1,0.0144910725805493,28.380000000000003,0.0399999999999991,0.0999999999999978,0.0019325410254206,73.66,0.0663324958071106,0.1000000000000085,-0.0019323869552224,0,0.0,0,normal,0,unknown,22.57899999999995,1.7236492411179452,0
sentinel_data_20260911_165323.csv,22,198,28.4,73.6,0,198.2,0.7483314773547882,197,199,2,1,0.0048312796099052,28.380000000000003,0.0399999999999991,0.0,-0.0028989603546167,73.67,0.0781024967590684,0.0,0.002174056565589,0,0.0,0,normal,0,unknown,22.57899999999995,1.5171403601008973,0
sentinel_data_20260911_165323.csv,23,201,28.4,73.6,0,199.9,1.57797338380595,197,202,5,2,0.137686148048845,28.35,0.0499999999999989,0.0,-0.0007246639370989,73.53,0.0781024967590652,-0.1000000000000085,-0.0036233196854955,0,0.0,0,normal,0,unknown,22.581000000000017,0.9674083493420547,0
sentinel_data_20260911_165323.csv,24,196,28.4,73.5,0,198.2,1.5362291495737217,196,200,4,-4,-0.1690882519897969,28.39,0.0299999999999993,0.0,0.0016908825198993,73.5,0.0447213595499932,0.0,0.0009662185828032,0,0.0,0,normal,0,unknown,22.581000000000017,1.461839610649293,0
sentinel_data_20260911_165323.csv,25,198,28.4,73.4,0,198.7,0.7810249675906655,197,200,3,1,0.0458953826829501,28.39,0.0299999999999993,0.0,0.0012077732284989,73.39,0.0830662386291808,-0.0999999999999943,-0.0031402103940966,0,0.0,0,normal,0,unknown,22.580999999999904,1.2742888704245992,0
sentinel_data_20260911_165323.csv,26,200,28.4,73.5,0,199.1,0.7000000000000001,198,200,2,1,0.0410642897689515,28.39,0.0299999999999993,0.0,-0.0016908825198979,73.51,0.104403065089105,0.0,0.0070050847252918,0,0.0,0,normal,0,unknown,22.581000000000017,1.4770995259259352,0
sentinel_data_20260911_165323.csv,27,204,28.3,73.6,0,202.7,1.417744687875783,201,205,4,3,0.1715159472069212,28.340000000000003,0.0663324958071074,0.0,-0.0004834104107077,73.67,0.0781024967590677,0.0999999999999943,0.0026571781156538,0,0.0,0,normal,0,unknown,22.57899999999995,1.9049563762448178,0
sentinel_data_20260911_165323.csv,28,216,28.3,73.5,0,210.2,4.377213725647858,204,216,12,12,0.5990936009160921,28.340000000000003,0.0489897948556625,-0.0999999999999978,0.001449579962706,73.67999999999999,0.0979795897113276,-0.2000000000000028,1.5405903596901846e-07,0,0.0,0,normal,0,unknown,22.579000000000065,2.2644988093936336,0
sentinel_data_20260911_165323.csv,29,212,28.3,73.5,0,210.9,0.5385164807134505,210,212,2,1,0.0120799030505163,28.3,0.0447213595499956,0.0,-0.001932661241451,73.68,0.0748331477354795,-0.2999999999999971,-0.0067639677139282,0,0.0,0,normal,0,unknown,22.579999999999927,1.6048061905819218,0
sentinel_data_20260911_165323.csv,30,210,28.3,73.5,0,210.9,1.2206555615733703,210,213,3,-3,-0.0942063118228899,28.340000000000003,0.0489897948556625,0.0,0.0019324371655974,73.58000000000001,0.0748331477354791,0.0,0.0009662185827988,0,0.0,0,normal,0,unknown,22.581000000000017,1.476341424917433,0
sentinel_data_20260911_165323.csv,31,206,28.4,73.6,0,207.3,1.3453624047073711,205,209,4,-3,-0.1618416126188051,28.32,0.0399999999999991,0.0999999999999978,0.0009662185827998,73.57,0.0640312423743277,0.0,-0.0016908825198961,0,0.0,0,normal,0,unknown,22.581000000000017,1.7985747656635862,0
sentinel_data_20260911_165323.csv,32,207,28.3,73.4,0,205.6,1.1135528725660042,204,207,3,2,0.1304395086778546,28.320000000000004,0.0399999999999991,-0.0999999999999978,-0.0009662185827981,73.41,0.0538516480713448,-0.0999999999999943,-0.0031402103940949,0,0.0,0,normal,0,unknown,22.580999999999904,1.9110383620179816,0
sentinel_data_20260911_165323.csv,33,206,28.4,73.2,0,205.8,0.8717797887081348,205,208,3,-2,-0.0821330490965633,28.35,0.0499999999999989,0.0999999999999978,0.0021740093075346,73.32000000000001,0.0748331477354806,-0.2000000000000028,-0.0096626957997856,0,0.0,0,normal,0,unknown,22.58000000000004,1.977510983304112,0
sentinel_data_20260911_165323.csv,34,205,28.3,73.4,0,204.7,0.6403124237432849,203,205,2,0,0.0362331968549646,28.31,0.0538516480713446,0.0,-0.0026571011026958,73.4,0.1183215956619939,0.1000000000000085,0.0053142022053972,0,0.0,0,normal,0,unknown,22.581000000000017,1.8070155725440324,0
sentinel_data_20260911_165323.csv,35,209,28.3,73.5,0,203.1,3.080584360149872,199,209,10,4,0.137691521486972,28.33,0.0458257569495574,0.0,-0.0012077784775552,73.39999999999999,0.1,0.0,-0.0009659840297618,0,0.0,0,normal,0,unknown,22.58199999999988,0.9715815099407755,0
sentinel_data_20260911_165323.csv,36,211,28.4,73.3,0,211.4,1.2,210,214,4,0,-0.1062840441078781,28.37,0.0458257569495574,0.0999999999999978,0.0021739918112981,73.35999999999999,0.0663324958071106,0.0,-0.001932437165598,0,0.0,0,normal,0,unknown,22.58100000000013,1.91363057430642,0
sentinel_data_20260911_165323.csv,37,211,28.4,73.2,0,210.5,0.5,210,211,1,1,-0.0169088251989759,28.380000000000003,0.0399999999999991,0.0,-0.001932437165597,73.22,0.0599999999999994,-0.0999999999999943,0.0024155464569979,0,0.0,0,normal,0,unknown,22.580999999999904,1.4459468084070313,0
sentinel_data_20260911_165323.csv,38,205,28.3,73.0,0,208.7,2.758622844826744,204,211,7,-6,-0.3357609575226178,28.37,0.0458257569495574,-0.0999999999999978,-0.0050726475596947,73.12,0.0600000000000022,-0.2000000000000028,-0.0048310929139952,0,0.0,0,normal,0,unknown,22.580999999999904,2.893714656770663,0
sentinel_data_20260911_165323.csv,39,221,28.3,73.2,0,214.7,6.309516621738943,205,221,16,16,0.7753904126961118,28.380000000000003,0.0399999999999991,-0.0999999999999978,-0.0019324371655971,73.14,0.101980390271856,0.1000000000000085,-0.0033817650397963,0,0.0,0,normal,0,unknown,22.58100000000013,2.657655881300924,0
sentinel_data_20260911_165323.csv,40,220,28.4,73.2,0,221.8,1.32664991614216,220,224,4,-2,-0.0869596724518981,28.39,0.0299999999999993,0.0,-0.0016908825198981,73.17000000000002,0.0458257569495623,0.0,-0.002173991811297,0,0.0,0,normal,0,unknown,22.580999999999904,1.8866793759757816,0
sentinel_data_20260911_165323.csv,41,225,28.4,73.1,0,224.6,1.4966629547095762,221,226,5,4,0.1159462299358713,28.340000000000003,0.0489897948556625,0.0999999999999978,0.0033817650397956,73.16000000000001,0.0800000000000014,-0.1000000000000085,-0.0009662185827998,0,0.0,0,normal,0,unknown,22.58100000000013,2.5094582249362407,0
sentinel_data_20260911_165323.csv,42,228,28.4,73.0,0,227.9,2.7367864366808017,224,231,7,3,0.2874500283826765,28.39,0.0299999999999993,0.0,0.0012077732284996,73.1,0.0774596669241494,-0.2000000000000028,-0.0057973114967895,0,0.0,0,normal,0,unknown,22.580999999999904,1.9712946431579637,0
sentinel_data_20260911_165323.csv,43,234,28.4,73.0,0,226.1,6.833008122342604,211,234,23,5,0.2150125718330714,28.39,0.0299999999999993,0.0,-0.0002415213826202,72.94,0.0916515138991159,0.0999999999999943,0.0057976686032978,0,0.0,0,normal,0,unknown,22.579999999999927,2.135347197438408,0
sentinel_data_20260911_165323.csv,44,229,28.4,72.9,0,231.9,2.7730849247724096,229,237,8,-8,-0.3502542362645992,28.410000000000004,0.053851648071345,0.0,-0.0002415546456992,72.91,0.0700000000000004,-0.0999999999999943,-0.0060388661424927,0,0.0,0,normal,0,unknown,22.58100000000013,2.1795241134293115,0
sentinel_data_20260911_165323.csv,45,224,28.5,72.8,0,227.1,1.3,224,229,5,-5,-0.1618416126188109,28.48,0.0400000000000005,0.0,7.025101436689039e-16,72.72999999999999,0.0781024967590668,0.0,0.0012077732285002,0,0.0,0,normal,0,unknown,22.580999999999904,1.7843425137001192,0
sentinel_data_20260911_165323.csv,46,227,28.4,72.9,0,225.5,1.9621416870348585,223,228,5,3,0.2294769134147452,28.42,0.0400000000000005,0.0,-0.0009662185827983,72.78,0.0979795897113293,0.2000000000000028,0.005797311496795,0,0.0,0,normal,0,unknown,22.580999999999904,1.766515414711119,0
sentinel_data_20260911_165323.csv,47,233,28.4,72.8,0,231.1,1.8681541692269403,226,233,7,7,0.1425172409628349,28.37,0.0458257569495574,0.0,-0.002173991811297,72.83,0.0900000000000008,-0.1000000000000085,0.0016908825198985,0,0.0,0,normal,0,unknown,22.58100000000013,2.1133807847053014,0
sentinel_data_20260911_165323.csv,48,235,28.3,73.0,0,233.6,0.8,232,235,3,3,0.0966218582798863,28.31,0.0299999999999993,0.0,-0.0016908825198986,72.95,0.067082039324993,0.0,0.000724663937097,0,0.0,0,normal,0,unknown,22.580999999999904,2.405472640085645,0
sentinel_data_20260911_182814.csv,0,193,28.0,70.9,0,191.3,1.417744687875783,188,193,5,2,0.0990441676088051,27.97,0.045825756949559,0.0,0.0007246936944566,70.96,0.0663324958071042,-0.0999999999999943,-0.0028986977483082,0,0.0,0,normal,0,baseline,22.57900000000018,3.206929380768253,0
sentinel_data_20260911_182814.csv,1,197,27.9,71.1,0,194.3,1.7916472867168918,192,197,5,4,0.0265771090691306,27.93,0.045825756949559,0.0,-0.0007246551802562,71.05,0.0670820393249898,0.1999999999999886,0.0036236610488644,0,0.0,0,normal,0,baseline,22.579999999999927,3.3579397336696113,0
sentinel_data_20260911_182814.csv,2,199,27.9,71.3,0,194.6,2.835489375751565,190,199,9,7,0.323702971114093,27.9,0.0,0.0,-2.5626250930734392e-16,71.05999999999999,0.1280624847486554,0.0999999999999943,0.0062810965086785,0,0.0,0,normal,0,baseline,22.579999999999927,4.592486611337642,0
sentinel_data_20260911_182814.csv,3,194,28.1,71.0,0,201.4,6.6513156593263565,194,215,21,-10,-0.6957194621155286,27.95,0.0806225774829859,0.3000000000000007,0.0089381398296101,71.27000000000001,0.1734935157289752,-0.2000000000000028,-0.0012083001653522,0,0.0,0,normal,0,baseline,22.579999999999927,7.079886717434838,1
sentinel_data_20260911_182814.csv,4,185,28.2,71.0,0,188.1,2.662705391138869,183,192,9,-7,-0.3309455314715468,28.08,0.0600000000000001,0.1999999999999993,0.0062807498825524,70.94000000000001,0.0916515138991159,0.0,0.0004831968212962,0,0.0,0,normal,0,baseline,22.580000000000386,4.88982645984369,0
sentinel_data_20260911_182814.csv,5,214,28.2,70.6,0,209.2,8.506468127254694,185,215,30,29,0.8068308523248506,28.19,0.0299999999999993,0.0,0.0012077609691554,70.8,0.1414213562373115,-0.4000000000000057,-0.0154604881228091,0,0.0,0,normal,0,baseline,22.580000000000386,4.018258472724041,0
sentinel_data_20260911_182814.csv,6,209,28.3,70.7,0,211.2,1.16619037896906,209,213,4,-3,-0.1304450751204706,28.22,0.0400000000000005,0.0,-7.762927801661913e-16,70.54,0.1199999999999981,0.2000000000000028,-0.0038655955683015,0,0.0,0,normal,0,baseline,22.578999999999724,2.806903273063898,0
sentinel_data_20260911_182814.csv,7,151,28.3,70.3,0,196.8,33.09924470437354,151,259,108,-61,-1.6474026836721043,28.24,0.0489897948556642,0.1000000000000014,0.0019324371655977,70.32,0.1248999599679715,-0.2000000000000028,-0.007729748662391,0,0.0,0,normal,0,baseline,22.58100000000013,10.00603390908882,1
sentinel_data_20260911_182814.csv,8,175,28.2,70.6,1,206.8,15.860643114325471,175,233,58,-31,-0.8020743715796161,28.23,0.045825756949559,-0.1000000000000014,-0.0002415598966338,70.74000000000001,0.1685229954635277,0.1999999999999886,0.0096623573513424,1,0.1,4,critical,1,event,22.579999999999927,5.545169402408171,0
sentinel_data_20260911_182814.csv,9,213,28.3,69.9,0,200.7,11.730728877610291,186,228,42,-15,-0.0458515593204579,28.340000000000003,0.0489897948556625,0.0,-0.0004833006882672,70.28999999999999,0.3080584360149874,-0.5999999999999943,-0.038408578520129,3,0.3,10,critical,1,recovery,22.579999999999927,5.320683141121748,0
sentinel_data_20260911_182814.csv,10,240,28.2,70.1,0,230.1,8.227393268830657,214,242,28,-2,0.4710315591144562,28.23,0.0640312423743286,-0.1000000000000014,-0.0065219754338924,70.03999999999999,0.1113552872565992,0.0,0.002898655748397,0,0.0,1,critical,1,recovery,22.58100000000013,5.046289783184597,0
sentinel_data_20260911_182814.csv,11,230,28.1,70.4,0,236.2,7.30479294709987,224,247,23,6,-0.0579585844463395,28.090000000000003,0.0300000000000004,0.0,-0.0002416369246623,70.31,0.130000000000001,0.3000000000000113,0.0152187741701206,0,0.0,0,normal,0,recovery,22.579999999999927,4.036021347368962,0
sentinel_data_20260911_190122.csv,0,105,28.1,69.9,0,132.9,22.93665189167765,105,156,51,-51,-2.9303580999712207,28.03,0.045825756949559,0.1000000000000014,0.00362378010827,69.63999999999999,0.1562049935181347,0.4000000000000057,0.0140119446161787,0,0.0,0,normal,0,baseline,22.578999999999997,9.219891363701377,1
sentinel_data_20260911_190122.csv,1,201,28.2,69.3,0,154.2,36.630042315017874,101,201,100,91,3.657403104554032,28.14,0.0489897948556625,0.0,0.0019325842123063,69.41,0.1513274595042157,-0.4000000000000057,-0.019083989865877,0,0.0,0,normal,0,baseline,22.580000000000013,12.639945474484652,1
sentinel_data_20260911_190122.csv,2,193,28.1,69.4,0,192.7,1.9519221295943132,190,196,6,-3,-0.1908391457264556,28.160000000000004,0.0489897948556625,0.0,0.0028988868229927,69.41,0.2981610303175124,0.3000000000000113,0.0292299414206266,0,0.0,3,critical,1,event,22.578999999999997,4.255564767024366,0
sentinel_data_20260911_190122.csv,3,185,28.1,69.4,0,188.1,3.5623026261113755,182,193,11,-8,-0.4034396795017801,28.17,0.0458257569495574,-0.0999999999999978,-0.0007247357119268,69.55999999999999,0.3039736830714126,-0.8999999999999915,-0.0309215563213175,0,0.0,10,critical,1,event,22.579000000000008,4.489171374393225,0
sentinel_data_20260911_190322.csv,0,202,28.2,69.5,0,184.2,16.26530048907797,168,218,50,25,1.47363064580375,28.21,0.0300000000000004,0.0,-0.0016910832578894,69.17999999999999,0.1326649916142172,0.4000000000000057,0.0057981097882843,0,0.0,0,normal,0,baseline,22.57899999999998,5.888417591496445,0
sentinel_data_20260911_190322.csv,1,181,28.2,69.7,0,178.2,15.96120296218302,136,195,59,-13,-0.6473687233443881,28.23,0.045825756949559,0.0,0.0007247864801167,69.59,0.2118962010041711,0.1000000000000085,-0.0002418522571867,0,0.0,7,critical,1,event,22.580000000000013,5.277689661430518,0
sentinel_data_20260911_190322.csv,2,155,28.3,68.8,0,158.4,11.943198901466891,147,183,36,-25,-1.198160241501271,28.290000000000003,0.0830662386291805,0.1000000000000014,0.0065223973091418,69.13,0.3099999999999991,-0.7000000000000028,-0.0316458053159469,1,0.1,10,critical,1,event,22.57899999999998,7.097426705895143,1
