window_id,source_file,window_start_ms,window_end_ms,window_duration_s,mq2_last,mq2_mean,mq2_std,mq2_min,mq2_max,mq2_range,mq2_delta,mq2_slope_per_s,temp_last,temp_mean,temp_std,temp_delta,temp_slope_per_s,humidity_last,humidity_mean,humidity_std,humidity_delta,humidity_slope_per_s,flame_count,flame_fraction,anomaly_label,label,phase
0,sentinel_data_20260911_153823.csv,50065,72643,22.578,146,135.6,5.2573757712379665,131,146,15,11,0.4871999291345558,28.8,28.75,0.05000000000000071,0.0,0.0,74.9,74.99,0.06999999999999601,-0.09999999999999432,-0.004429090264859346,0,0.0,0,normal,
1,sentinel_data_20260911_153823.csv,75152,97730,22.578,143,142.1,1.445683229480096,140,145,5,2,0.08858180529719197,28.7,28.709999999999997,0.05385164807134508,0.0,0.0,74.9,74.78,0.08717797887081535,0.0,0.0,0,0.0,0,normal,
2,sentinel_data_20260911_153823.csv,100239,122818,22.579,145,142.3,1.676305461424021,140,145,5,2,0.08857788210283891,28.6,28.620000000000005,0.05999999999999943,-0.09999999999999787,-0.004428894105141852,75.2,75.06,0.12806248474865722,0.4000000000000057,0.017715576420568035,0,0.0,0,normal,
3,sentinel_data_20260911_153823.csv,125327,147906,22.579,144,145.2,1.1661903789690602,144,147,3,0,0.0,28.7,28.590000000000003,0.05385164807134508,0.09999999999999787,0.004428894105141852,75.5,75.27,0.12688577540449728,0.29999999999999716,0.013286682315425713,0,0.0,0,normal,
4,sentinel_data_20260911_153823.csv,150415,172994,22.579,140,141.5,1.5,140,144,4,-4,-0.17715576420567783,28.6,28.600000000000005,0.044721359549995635,0.10000000000000142,0.004428894105142009,75.1,75.22,0.10770329614269267,-0.30000000000001137,-0.01328668231542634,0,0.0,0,normal,
5,sentinel_data_20260911_153823.csv,175503,198082,22.579,138,138.5,0.9219544457292888,137,140,3,1,0.04428894105141946,28.6,28.610000000000003,0.02999999999999936,0.0,0.0,74.9,75.14,0.10198039027185547,-0.29999999999999716,-0.013286682315425713,0,0.0,0,normal,
6,sentinel_data_20260911_153823.csv,200590,223170,22.58,171,152.6,18.2931681236466,135,181,46,32,1.41718334809566,28.8,28.68,0.05999999999999943,0.1999999999999993,0.008857395925597844,75.2,75.22,0.11661903789690718,0.0,0.0,0,0.0,0,normal,
7,sentinel_data_20260911_153823.csv,225678,248257,22.579,177,173.9,2.808914381037628,169,177,8,8,0.35431152841135566,28.7,28.74,0.04898979485566426,0.0,0.0,74.9,75.02000000000001,0.07483314773547457,-0.09999999999999432,-0.004428894105141694,0,0.0,0,normal,
8,sentinel_data_20260911_153823.csv,250766,273345,22.579,180,174.8,2.4,171,180,9,5,0.2214447052570973,28.7,28.759999999999998,0.04898979485566426,-0.10000000000000142,-0.004428894105142009,74.8,74.72,0.08717797887081438,0.20000000000000284,0.008857788210284018,0,0.0,0,normal,
9,sentinel_data_20260911_153823.csv,275854,298433,22.579,191,183.2,4.66476151587624,178,191,13,10,0.4428894105141946,28.8,28.73,0.04582575694955905,0.10000000000000142,0.004428894105142009,75.0,74.94999999999999,0.11180339887498884,0.20000000000000284,0.008857788210284018,0,0.0,0,normal,
10,sentinel_data_20260911_153823.csv,300942,323520,22.578,187,186.9,1.374772708486752,185,189,4,-2,-0.08858180529719197,28.8,28.790000000000003,0.030000000000000426,0.0,0.0,74.6,75.95000000000002,1.7188659051828332,-5.700000000000003,-0.2524581450969972,0,0.0,0,normal,
11,sentinel_data_20260911_153823.csv,326029,348607,22.578,191,188.4,1.2806248474865698,186,191,5,5,0.2214545132429799,28.8,28.790000000000003,0.030000000000000426,0.0,0.0,74.3,74.48999999999998,0.12999999999999906,-0.29999999999999716,-0.013287270794578669,0,0.0,0,normal,
12,sentinel_data_20260911_153823.csv,351116,373694,22.578,192,193.0,2.23606797749979,190,196,6,1,0.04429090264859598,28.8,28.75,0.05000000000000071,0.0,0.0,74.4,74.36,0.08000000000000149,0.0,0.0,0,0.0,0,normal,
13,sentinel_data_20260911_153823.csv,376203,398782,22.579,192,192.1,1.0440306508910548,190,193,3,1,0.04428894105141946,28.6,28.690000000000005,0.06999999999999962,-0.09999999999999787,-0.004428894105141852,74.4,74.41,0.07000000000000048,-0.09999999999999432,-0.004428894105141694,0,0.0,0,normal,
14,sentinel_data_20260911_153823.csv,401291,423870,22.579,192,194.0,3.714835124201342,190,201,11,-5,-0.2214447052570973,28.6,28.65,0.04999999999999894,-0.09999999999999787,-0.004428894105141852,74.6,74.47,0.10049875621120559,0.19999999999998863,0.008857788210283388,0,0.0,0,normal,
15,sentinel_data_20260911_153823.csv,426379,448958,22.579,192,193.8,1.9899748742132397,192,197,5,0,0.0,28.6,28.610000000000003,0.02999999999999936,0.0,0.0,74.6,74.59,0.10440306508910406,0.19999999999998863,0.008857788210283388,0,0.0,0,normal,
16,sentinel_data_20260911_153823.csv,451467,474046,22.579,200,193.7,2.6095976701399777,190,200,10,7,0.3100225873599362,28.6,28.620000000000005,0.05999999999999942,0.0,0.0,74.6,74.47999999999999,0.11661903789690425,0.19999999999998863,0.008857788210283388,0,0.0,0,normal,
17,sentinel_data_20260911_153823.csv,476554,499134,22.58,195,195.7,2.491987158875422,191,199,8,4,0.1771479185119575,28.7,28.639999999999997,0.06633249580710733,0.0,0.0,74.6,74.5,0.06324555320336399,0.09999999999999432,0.004428697962798686,0,0.0,0,normal,
18,sentinel_data_20260911_153823.csv,501642,524221,22.579,196,193.9,1.044030650891055,192,196,4,3,0.13286682315425838,28.6,28.590000000000003,0.05385164807134508,0.0,0.0,74.6,74.48,0.09797958971132416,0.19999999999998863,0.008857788210283388,0,0.0,0,normal,
19,sentinel_data_20260911_153823.csv,526730,549309,22.579,193,194.8,0.9797958971132713,193,197,4,-2,-0.08857788210283891,28.6,28.630000000000003,0.04582575694955742,-0.09999999999999787,-0.004428894105141852,74.1,74.34,0.16248076809271803,-0.5,-0.02214447052570973,0,0.0,0,normal,
20,sentinel_data_20260911_153823.csv,551818,574397,22.579,194,194.3,1.4866068747318506,192,197,5,1,0.04428894105141946,28.6,28.640000000000004,0.048989794855662516,0.0,0.0,74.2,74.21000000000001,0.13000000000000048,-0.09999999999999432,-0.004428894105141694,0,0.0,0,normal,
21,sentinel_data_20260911_153823.csv,576906,599485,22.579,195,195.1,0.5385164807134505,194,196,2,0,0.0,28.7,28.689999999999998,0.05385164807134461,0.09999999999999787,0.004428894105141852,74.1,74.14000000000001,0.04898979485566774,-0.10000000000000853,-0.004428894105142324,0,0.0,0,normal,
22,sentinel_data_20260911_153823.csv,601994,624573,22.579,196,195.8,1.077032961426901,194,198,4,0,0.0,28.6,28.690000000000005,0.05385164807134461,-0.09999999999999787,-0.004428894105141852,73.9,73.91,0.0943398113205655,-0.09999999999999432,-0.004428894105141694,0,0.0,0,normal,
23,sentinel_data_20260911_153823.csv,627081,649660,22.579,195,194.9,0.9433981132056604,193,196,3,0,0.0,28.6,28.620000000000005,0.03999999999999915,0.0,0.0,74.1,73.96000000000001,0.09165151389911655,0.09999999999999432,0.004428894105141694,0,0.0,0,normal,
24,sentinel_data_20260911_153823.csv,652169,674748,22.579,192,193.1,1.0440306508910548,192,195,3,-3,-0.13286682315425838,28.5,28.54,0.04898979485566426,-0.10000000000000142,-0.004428894105142009,74.4,74.33,0.10999999999999995,0.20000000000000284,0.008857788210284018,0,0.0,0,normal,
25,sentinel_data_20260911_153823.csv,677256,699836,22.58,205,205.4,8.845337754998392,192,229,37,13,0.5757307351638619,28.5,28.55,0.05000000000000071,0.0,0.0,74.6,74.54,0.10198039027185546,0.09999999999999432,0.004428697962798686,0,0.0,0,normal,
26,sentinel_data_20260911_153823.csv,702344,724923,22.579,204,203.1,1.1357816691600546,201,205,4,1,0.04428894105141946,28.6,28.580000000000002,0.060000000000000143,0.10000000000000142,0.004428894105142009,74.5,74.5,0.09999999999999716,-0.09999999999999432,-0.004428894105141694,0,0.0,0,normal,
27,sentinel_data_20260911_153823.csv,727432,750011,22.579,201,200.9,1.2206555615733703,199,203,4,-2,-0.08857788210283891,28.6,28.610000000000003,0.02999999999999936,0.0,0.0,74.3,74.38,0.08717797887081406,-0.10000000000000853,-0.004428894105142324,0,0.0,0,normal,
28,sentinel_data_20260911_153823.csv,752520,775099,22.579,202,201.0,1.4142135623730951,198,203,5,1,0.04428894105141946,28.6,28.580000000000005,0.04000000000000057,0.10000000000000142,0.004428894105142009,74.2,74.21,0.05385164807134488,0.0,0.0,0,0.0,0,normal,
29,sentinel_data_20260911_153823.csv,777607,800186,22.579,200,198.6,2.1071307505705477,194,202,8,1,0.04428894105141946,28.6,28.590000000000003,0.030000000000000426,0.0,0.0,74.4,74.39,0.08306623862918064,0.10000000000000853,0.004428894105142324,0,0.0,0,normal,
30,sentinel_data_20260911_153823.csv,802695,825274,22.579,199,198.8,1.077032961426901,196,200,4,0,0.0,28.7,28.630000000000003,0.06403124237432785,0.09999999999999787,0.004428894105141852,74.2,74.35000000000001,0.11180339887498948,-0.20000000000000284,-0.008857788210284018,0,0.0,0,normal,
31,sentinel_data_20260911_153823.csv,827783,850361,22.578,197,197.5,0.5,197,198,1,0,0.0,28.7,28.689999999999998,0.05385164807134461,0.0,0.0,74.0,74.07,0.12688577540449347,-0.29999999999999716,-0.013287270794578669,0,0.0,0,normal,
32,sentinel_data_20260911_153823.csv,852870,875448,22.578,199,196.9,1.374772708486752,195,199,4,0,0.0,28.8,28.78,0.04000000000000057,0.10000000000000142,0.004429090264859661,73.6,73.77000000000001,0.10049875621121111,-0.30000000000001137,-0.013287270794579297,0,0.0,0,normal,
33,sentinel_data_20260911_153823.csv,877956,900533,22.577,197,197.6,0.4898979485566356,197,198,1,-1,-0.04429286441954201,28.8,28.8,0.0,0.0,0.0,73.5,73.61999999999999,0.08717797887081406,-0.09999999999999432,-0.004429286441953949,0,0.0,0,normal,
34,sentinel_data_20260911_153823.csv,903042,925620,22.578,196,196.7,0.6403124237432849,196,198,2,-1,-0.04429090264859598,28.6,28.720000000000006,0.060000000000000143,-0.09999999999999787,-0.004429090264859503,73.7,73.62,0.04000000000000341,0.10000000000000853,0.004429090264859975,0,0.0,0,normal,
35,sentinel_data_20260911_153823.csv,928129,950707,22.578,196,195.6,0.8,194,197,3,0,0.0,28.7,28.679999999999996,0.03999999999999915,0.09999999999999787,0.004429090264859503,73.9,73.66,0.10198039027185882,0.30000000000001137,0.013287270794579297,0,0.0,0,normal,
36,sentinel_data_20260911_153823.csv,953216,975795,22.579,195,195.7,0.7810249675906654,194,197,3,-1,-0.04428894105141946,28.6,28.610000000000003,0.02999999999999936,0.0,0.0,73.7,73.81,0.08306623862918219,0.0,0.0,0,0.0,0,normal,
37,sentinel_data_20260911_153823.csv,978303,1000882,22.579,197,194.4,1.8,192,197,5,2,0.08857788210283891,28.6,28.620000000000005,0.03999999999999915,0.0,0.0,73.9,73.92999999999999,0.04582575694955579,-0.09999999999999432,-0.004428894105141694,0,0.0,0,normal,
38,sentinel_data_20260911_153823.csv,1003391,1025970,22.579,196,196.4,0.4898979485566356,196,197,1,0,0.0,28.6,28.660000000000004,0.048989794855662516,0.0,0.0,73.9,73.77,0.07810249675906757,0.10000000000000853,0.004428894105142324,0,0.0,0,normal,
39,sentinel_data_20260911_164627.csv,90788,113366,22.578,235,237.8,2.5612496949731396,235,243,8,-3,-0.13287270794578793,28.4,28.479999999999997,0.04000000000000057,-0.10000000000000142,-0.004429090264859661,73.4,73.6,0.1,-0.29999999999999716,-0.013287270794578669,0,0.0,0,normal,
40,sentinel_data_20260911_164627.csv,115875,138454,22.579,228,225.7,2.6851443164195103,222,231,9,-3,-0.13286682315425838,28.5,28.52,0.04000000000000057,0.0,0.0,73.5,73.56,0.04898979485566078,0.0,0.0,0,0.0,0,normal,
41,sentinel_data_20260911_164627.csv,140963,163544,22.581,215,222.4,5.499090833947008,215,231,16,-15,-0.6642752756742394,28.5,28.5,0.04472135954999643,0.0,0.0,73.4,73.45,0.10246950765959432,-0.09999999999999432,-0.0044285018378280114,0,0.0,0,normal,
42,sentinel_data_20260911_164627.csv,166053,188633,22.58,204,208.4,3.6110940170535577,203,215,12,-11,-0.48715677590788314,28.6,28.540000000000003,0.04898979485566426,0.0,0.0,73.4,73.49,0.11357816691600402,-0.29999999999999716,-0.013286093888396687,0,0.0,0,normal,
43,sentinel_data_20260911_164627.csv,191142,213721,22.579,184,193.2,9.130169768410662,180,203,23,-19,-0.8414898799769698,28.5,28.52,0.06000000000000085,-0.10000000000000142,-0.004428894105142009,73.8,73.57,0.08999999999999851,0.29999999999999716,0.013286682315425713,0,0.0,0,normal,
44,sentinel_data_20260911_165323.csv,126877,149456,22.579,211,212.5,2.8722813232690143,208,217,9,-4,-0.17715576420567783,28.5,28.5,0.0,0.0,0.0,73.6,73.62,0.1077032961426895,-0.10000000000000853,-0.004428894105142324,0,0.0,0,normal,
45,sentinel_data_20260911_165323.csv,151965,174546,22.581,209,207.1,3.2078029864690882,200,212,12,-1,-0.04428501837828263,28.5,28.52,0.04000000000000057,-0.10000000000000142,-0.004428501837828325,73.4,73.44,0.048989794855660775,-0.09999999999999432,-0.0044285018378280114,0,0.0,0,normal,
46,sentinel_data_20260911_165323.csv,177055,199637,22.582,208,207.6,0.4898979485566356,207,208,1,0,0.0,28.5,28.52,0.04000000000000057,-0.10000000000000142,-0.004428305730227677,73.3,73.41999999999999,0.05999999999999943,-0.10000000000000853,-0.004428305730227992,0,0.0,0,normal,
47,sentinel_data_20260911_165323.csv,202146,224727,22.581,212,213.5,2.6172504656604803,208,218,10,4,0.17714007351313052,28.5,28.560000000000002,0.04898979485566426,0.0,0.0,73.1,73.34,0.09165151389912089,-0.30000000000001137,-0.013285505513485292,0,0.0,0,normal,
48,sentinel_data_20260911_165323.csv,227236,249817,22.581,212,212.1,0.5385164807134505,211,213,2,-1,-0.04428501837828263,28.5,28.52,0.06000000000000085,0.0,0.0,73.4,73.29999999999998,0.06324555320336848,0.10000000000000853,0.00442850183782864,0,0.0,0,normal,
49,sentinel_data_20260911_165323.csv,252326,274905,22.579,208,206.9,1.5132745950421556,205,209,4,-1,-0.04428894105141946,28.4,28.49,0.053851648071345806,-0.10000000000000142,-0.004428894105142009,73.4,73.52,0.08717797887081144,-0.09999999999999432,-0.004428894105141694,0,0.0,0,normal,
50,sentinel_data_20260911_165323.csv,277414,299992,22.578,211,210.7,0.7810249675906655,209,212,3,2,0.08858180529719197,28.5,28.47,0.045825756949559045,0.0,0.0,73.7,73.63000000000001,0.0458257569495623,0.10000000000000853,0.004429090264859975,0,0.0,0,normal,
51,sentinel_data_20260911_165323.csv,302501,325079,22.578,207,208.4,1.1135528725660042,207,210,3,-3,-0.13287270794578793,28.4,28.419999999999998,0.04000000000000057,0.0,0.0,73.7,73.72,0.09797958971132939,0.10000000000000853,0.004429090264859975,0,0.0,0,normal,
52,sentinel_data_20260911_165323.csv,327588,350166,22.578,205,204.0,3.03315017762062,200,208,8,-3,-0.13287270794578793,28.4,28.409999999999997,0.05385164807134508,0.0,0.0,73.8,73.77,0.06403124237432774,0.0,0.0,0,0.0,0,normal,
53,sentinel_data_20260911_165323.csv,352674,375252,22.578,201,201.8,1.077032961426901,200,203,3,-2,-0.08858180529719197,28.4,28.409999999999997,0.05385164807134508,0.0,0.0,74.0,73.9,0.0774596669241476,0.09999999999999432,0.004429090264859346,0,0.0,0,normal,
54,sentinel_data_20260911_165323.csv,377761,400339,22.578,187,198.1,4.72122865364515,187,202,15,-14,-0.6200726370803438,28.4,28.409999999999997,0.030000000000000426,-0.10000000000000142,-0.004429090264859661,73.9,73.78999999999999,0.09433981132056851,0.10000000000000853,0.004429090264859975,0,0.0,0,normal,
55,sentinel_data_20260911_165323.csv,402848,425426,22.578,188,188.2,0.8717797887081347,187,190,3,1,0.04429090264859598,28.4,28.439999999999998,0.04898979485566426,0.0,0.0,73.8,73.82000000000001,0.07483314773547951,0.0,0.0,0,0.0,0,normal,
56,sentinel_data_20260911_165323.csv,427934,450513,22.579,184,186.1,1.57797338380595,184,188,4,-4,-0.17715576420567783,28.4,28.45,0.05000000000000071,-0.10000000000000142,-0.004428894105142009,73.7,73.66,0.08000000000000149,0.0,0.0,0,0.0,0,normal,
57,sentinel_data_20260911_165323.csv,453022,475600,22.578,186,185.6,0.8,184,187,3,2,0.08858180529719197,28.4,28.4,0.0,0.0,0.0,73.9,73.78,0.12489995996797018,0.30000000000001137,0.013287270794579297,0,0.0,0,normal,
58,sentinel_data_20260911_165323.csv,478108,500686,22.578,191,190.9,6.640030120413611,185,203,18,5,0.2214545132429799,28.5,28.4,0.044721359549995635,0.10000000000000142,0.004429090264859661,73.9,73.89,0.07000000000000149,0.10000000000000853,0.004429090264859975,0,0.0,0,normal,
59,sentinel_data_20260911_165323.csv,503195,525773,22.578,189,189.7,0.9,188,191,3,-1,-0.04429090264859598,28.3,28.380000000000003,0.03999999999999915,0.0,0.0,73.8,73.92,0.11661903789690498,0.0,0.0,0,0.0,0,normal,
60,sentinel_data_20260911_165323.csv,528282,550860,22.578,181,183.8,2.993325909419153,179,187,8,-6,-0.26574541589157585,28.5,28.459999999999997,0.04898979485566426,0.0,0.0,73.7,73.67,0.06403124237433107,0.0,0.0,0,0.0,0,normal,
61,sentinel_data_20260911_165323.csv,553369,575946,22.577,201,200.3,8.866228059327145,182,219,37,19,0.8415644239712982,28.4,28.4,0.0,0.0,0.0,73.8,73.72,0.05999999999999943,0.20000000000000284,0.008858572883908528,0,0.0,0,normal,
62,sentinel_data_20260911_165323.csv,578455,601033,22.578,202,200.4,1.5620499351813308,198,203,5,-1,-0.04429090264859598,28.4,28.380000000000003,0.03999999999999915,0.0,0.0,73.6,73.68,0.07483314773547951,-0.20000000000000284,-0.008858180529719322,0,0.0,0,normal,
63,sentinel_data_20260911_165323.csv,603542,626123,22.581,198,200.3,1.7916472867168918,198,203,5,-4,-0.17714007351313052,28.4,28.409999999999997,0.030000000000000426,0.0,0.0,73.5,73.53999999999999,0.06633249580710766,-0.09999999999999432,-0.0044285018378280114,0,0.0,0,normal,
64,sentinel_data_20260911_165323.csv,628631,651211,22.58,200,199.3,1.4177446878757827,198,202,4,2,0.08857395925597875,28.4,28.4,0.044721359549995635,0.0,0.0,73.6,73.63000000000001,0.06403124237433107,-0.10000000000000853,-0.004428697962799315,0,0.0,0,normal,
65,sentinel_data_20260911_165323.csv,653720,676299,22.579,198,199.2,1.2489995996796797,197,201,4,1,0.04428894105141946,28.4,28.380000000000003,0.03999999999999915,0.09999999999999787,0.004428894105141852,73.7,73.66,0.06633249580711065,0.10000000000000853,0.004428894105142324,0,0.0,0,normal,
66,sentinel_data_20260911_165323.csv,678808,701387,22.579,198,198.2,0.7483314773547882,197,199,2,1,0.04428894105141946,28.4,28.380000000000003,0.03999999999999915,0.0,0.0,73.6,73.67,0.07810249675906847,0.0,0.0,0,0.0,0,normal,
67,sentinel_data_20260911_165323.csv,703895,726476,22.581,201,199.9,1.57797338380595,197,202,5,2,0.08857003675656526,28.4,28.35,0.04999999999999894,0.0,0.0,73.6,73.53,0.0781024967590652,-0.10000000000000853,-0.00442850183782864,0,0.0,0,normal,
68,sentinel_data_20260911_165323.csv,728985,751566,22.581,196,198.2,1.5362291495737217,196,200,4,-4,-0.17714007351313052,28.4,28.389999999999997,0.02999999999999936,0.0,0.0,73.5,73.5,0.044721359549993255,0.0,0.0,0,0.0,0,normal,
69,sentinel_data_20260911_165323.csv,754075,776656,22.581,198,198.7,0.7810249675906655,197,200,3,1,0.04428501837828263,28.4,28.389999999999997,0.02999999999999936,0.0,0.0,73.4,73.39,0.0830662386291808,-0.09999999999999432,-0.0044285018378280114,0,0.0,0,normal,
70,sentinel_data_20260911_165323.csv,779165,801746,22.581,200,199.1,0.7000000000000001,198,200,2,1,0.04428501837828263,28.4,28.389999999999997,0.02999999999999936,0.0,0.0,73.5,73.51,0.10440306508910502,0.0,0.0,0,0.0,0,normal,
71,sentinel_data_20260911_165323.csv,804255,826834,22.579,204,202.7,1.4177446878757827,201,205,4,3,0.13286682315425838,28.3,28.340000000000003,0.06633249580710744,0.0,0.0,73.6,73.67,0.07810249675906775,0.09999999999999432,0.004428894105141694,0,0.0,0,normal,
72,sentinel_data_20260911_165323.csv,829343,851922,22.579,216,210.2,4.377213725647858,204,216,12,12,0.5314672926170335,28.3,28.340000000000003,0.048989794855662516,-0.09999999999999787,-0.004428894105141852,73.5,73.67999999999999,0.09797958971132766,-0.20000000000000284,-0.008857788210284018,0,0.0,0,normal,
73,sentinel_data_20260911_165323.csv,854431,877011,22.58,212,210.9,0.5385164807134505,210,212,2,1,0.04428697962798937,28.3,28.3,0.044721359549995635,0.0,0.0,73.5,73.68,0.07483314773547951,-0.29999999999999716,-0.013286093888396687,0,0.0,0,normal,
74,sentinel_data_20260911_165323.csv,879520,902101,22.581,210,210.9,1.2206555615733703,210,213,3,-3,-0.13285505513484788,28.3,28.340000000000003,0.048989794855662516,0.0,0.0,73.5,73.58000000000001,0.07483314773547912,0.0,0.0,0,0.0,0,normal,
75,sentinel_data_20260911_165323.csv,904610,927191,22.581,206,207.3,1.3453624047073711,205,209,4,-3,-0.13285505513484788,28.4,28.32,0.03999999999999915,0.09999999999999787,0.0044285018378281684,73.6,73.57,0.06403124237432774,0.0,0.0,0,0.0,0,normal,
76,sentinel_data_20260911_165323.csv,929700,952281,22.581,207,205.6,1.1135528725660042,204,207,3,2,0.08857003675656526,28.3,28.320000000000004,0.03999999999999915,-0.09999999999999787,-0.0044285018378281684,73.4,73.41,0.05385164807134488,-0.09999999999999432,-0.0044285018378280114,0,0.0,0,normal,
77,sentinel_data_20260911_165323.csv,954790,977370,22.58,206,205.8,0.8717797887081348,205,208,3,-2,-0.08857395925597875,28.4,28.35,0.04999999999999894,0.09999999999999787,0.004428697962798843,73.2,73.32000000000001,0.07483314773548065,-0.20000000000000284,-0.008857395925598002,0,0.0,0,normal,
78,sentinel_data_20260911_165323.csv,979879,1002460,22.581,205,204.7,0.6403124237432849,203,205,2,0,0.0,28.3,28.310000000000002,0.05385164807134461,0.0,0.0,73.4,73.4,0.11832159566199399,0.10000000000000853,0.00442850183782864,0,0.0,0,normal,
79,sentinel_data_20260911_165323.csv,1004969,1027551,22.582,209,203.1,3.080584360149872,199,209,10,4,0.1771322292091046,28.3,28.330000000000002,0.04582575694955742,0.0,0.0,73.5,73.39999999999999,0.1,0.0,0.0,0,0.0,0,normal,
80,sentinel_data_20260911_165323.csv,1030060,1052641,22.581,211,211.4,1.2,210,214,4,0,0.0,28.4,28.369999999999997,0.04582575694955742,0.09999999999999787,0.0044285018378281684,73.3,73.35999999999999,0.06633249580711066,0.0,0.0,0,0.0,0,normal,
81,sentinel_data_20260911_165323.csv,1055150,1077731,22.581,211,210.5,0.5,210,211,1,1,0.04428501837828263,28.4,28.380000000000003,0.03999999999999915,0.0,0.0,73.2,73.22,0.05999999999999943,-0.09999999999999432,-0.0044285018378280114,0,0.0,0,normal,
82,sentinel_data_20260911_165323.csv,1080241,1102822,22.581,205,208.7,2.758622844826744,204,211,7,-6,-0.26571011026969577,28.3,28.369999999999997,0.04582575694955742,-0.09999999999999787,-0.0044285018378281684,73.0,73.12,0.060000000000002274,-0.20000000000000284,-0.00885700367565665,0,0.0,0,normal,
83,sentinel_data_20260911_165323.csv,1105331,1127912,22.581,221,214.7,6.3095166217389425,205,221,16,16,0.7085602940525221,28.3,28.380000000000003,0.03999999999999915,-0.09999999999999787,-0.0044285018378281684,73.2,73.14,0.10198039027185603,0.10000000000000853,0.00442850183782864,0,0.0,0,normal,
84,sentinel_data_20260911_165323.csv,1130421,1153002,22.581,220,221.8,1.32664991614216,220,224,4,-2,-0.08857003675656526,28.4,28.389999999999997,0.02999999999999936,0.0,0.0,73.2,73.17000000000002,0.045825756949562306,0.0,0.0,0,0.0,0,normal,
85,sentinel_data_20260911_165323.csv,1155511,1178092,22.581,225,224.6,1.4966629547095762,221,226,5,4,0.17714007351313052,28.4,28.340000000000003,0.048989794855662516,0.09999999999999787,0.0044285018378281684,73.1,73.16000000000001,0.08000000000000149,-0.10000000000000853,-0.00442850183782864,0,0.0,0,normal,
86,sentinel_data_20260911_165323.csv,1180602,1203183,22.581,228,227.9,2.7367864366808017,224,231,7,3,0.13285505513484788,28.4,28.389999999999997,0.02999999999999936,0.0,0.0,73.0,73.1,0.07745966692414945,-0.20000000000000284,-0.00885700367565665,0,0.0,0,normal,
87,sentinel_data_20260911_165323.csv,1205692,1228272,22.58,234,226.1,6.833008122342604,211,234,23,5,0.22143489813994688,28.4,28.389999999999997,0.02999999999999936,0.0,0.0,73.0,72.94,0.09165151389911594,0.09999999999999432,0.004428697962798686,0,0.0,0,normal,
88,sentinel_data_20260911_165323.csv,1230781,1253362,22.581,229,231.9,2.7730849247724096,229,237,8,-8,-0.35428014702626104,28.4,28.410000000000004,0.053851648071345085,0.0,0.0,72.9,72.91,0.07000000000000048,-0.09999999999999432,-0.0044285018378280114,0,0.0,0,normal,
89,sentinel_data_20260911_165323.csv,1255871,1278452,22.581,224,227.1,1.3,224,229,5,-5,-0.22142509189141313,28.5,28.48,0.04000000000000057,0.0,0.0,72.8,72.72999999999999,0.07810249675906683,0.0,0.0,0,0.0,0,normal,
90,sentinel_data_20260911_165323.csv,1280961,1303542,22.581,227,225.5,1.9621416870348585,223,228,5,3,0.13285505513484788,28.4,28.419999999999998,0.04000000000000057,0.0,0.0,72.9,72.78,0.09797958971132939,0.20000000000000284,0.00885700367565665,0,0.0,0,normal,
91,sentinel_data_20260911_165323.csv,1306051,1328632,22.581,233,231.1,1.8681541692269403,226,233,7,7,0.3099951286479784,28.4,28.369999999999997,0.04582575694955742,0.0,0.0,72.8,72.83,0.09000000000000088,-0.10000000000000853,-0.00442850183782864,0,0.0,0,normal,
92,sentinel_data_20260911_165323.csv,1331141,1353722,22.581,235,233.6,0.8,232,235,3,3,0.13285505513484788,28.3,28.310000000000002,0.02999999999999936,0.0,0.0,73.0,72.95,0.06708203932499306,0.0,0.0,0,0.0,0,normal,
93,sentinel_data_20260911_182814.csv,3353855,3376434,22.579,193,191.3,1.4177446878757827,188,193,5,2,0.08857788210283891,28.0,27.97,0.045825756949559045,0.0,0.0,70.9,70.96,0.06633249580710422,-0.09999999999999432,-0.004428894105141694,0,0.0,0,normal,baseline
94,sentinel_data_20260911_182814.csv,3378943,3401523,22.58,197,194.3,1.7916472867168918,192,197,5,4,0.1771479185119575,27.9,27.93,0.045825756949559045,0.0,0.0,71.1,71.05,0.06708203932498988,0.19999999999998863,0.008857395925597372,0,0.0,0,normal,baseline
95,sentinel_data_20260911_182814.csv,3404032,3426612,22.58,199,194.6,2.835489375751565,190,199,9,7,0.3100088573959256,27.9,27.9,0.0,0.0,0.0,71.3,71.05999999999999,0.12806248474865548,0.09999999999999432,0.004428697962798686,0,0.0,0,normal,baseline
96,sentinel_data_20260911_182814.csv,3429121,3451701,22.58,194,201.4,6.6513156593263565,194,215,21,-10,-0.44286979627989376,28.1,27.95,0.08062257748298599,0.3000000000000007,0.013286093888396844,71.0,71.27000000000001,0.1734935157289752,-0.20000000000000284,-0.008857395925598002,0,0.0,0,normal,baseline
97,sentinel_data_20260911_182814.csv,3454209,3476789,22.58,185,188.1,2.662705391138869,183,192,9,-7,-0.3100088573959256,28.2,28.080000000000002,0.060000000000000143,0.1999999999999993,0.008857395925597844,71.0,70.94000000000001,0.09165151389911592,0.0,0.0,0,0.0,0,normal,baseline
98,sentinel_data_20260911_182814.csv,3479298,3501878,22.58,214,209.2,8.506468127254694,185,215,30,29,1.2843224092116918,28.2,28.189999999999998,0.02999999999999936,0.0,0.0,70.6,70.8,0.14142135623731153,-0.4000000000000057,-0.017714791851196003,0,0.0,0,normal,baseline
99,sentinel_data_20260911_182814.csv,3504387,3526966,22.579,209,211.2,1.16619037896906,209,213,4,-3,-0.13286682315425838,28.3,28.22,0.04000000000000057,0.0,0.0,70.7,70.54,0.11999999999999815,0.20000000000000284,0.008857788210284018,0,0.0,0,normal,baseline
100,sentinel_data_20260911_182814.csv,3529475,3552056,22.581,151,196.8,33.09924470437354,151,259,108,-61,-2.7013861210752403,28.3,28.24,0.04898979485566426,0.10000000000000142,0.004428501837828325,70.3,70.32,0.12489995996797155,-0.20000000000000284,-0.00885700367565665,0,0.0,0,normal,baseline
101,sentinel_data_20260911_182814.csv,3554565,3577145,22.58,175,206.8,15.860643114325471,175,233,58,-31,-1.3728963684676707,28.2,28.23,0.045825756949559045,-0.10000000000000142,-0.004428697962799001,70.6,70.74000000000001,0.1685229954635277,0.19999999999998863,0.008857395925597372,1,0.1,1,critical,event
102,sentinel_data_20260911_182814.csv,3579654,3602234,22.58,213,200.7,11.730728877610291,186,228,42,-15,-0.6643046944198406,28.3,28.340000000000003,0.048989794855662516,0.0,0.0,69.9,70.28999999999999,0.30805843601498745,-0.5999999999999943,-0.026572187776793373,3,0.3,1,critical,recovery
103,sentinel_data_20260911_182814.csv,3604743,3627324,22.581,240,230.1,8.227393268830657,214,242,28,-2,-0.08857003675656526,28.2,28.229999999999997,0.06403124237432867,-0.10000000000000142,-0.004428501837828325,70.1,70.03999999999999,0.11135528725659921,0.0,0.0,0,0.0,1,critical,recovery
104,sentinel_data_20260911_182814.csv,3629833,3652413,22.58,230,236.2,7.30479294709987,224,247,23,6,0.26572187776793627,28.1,28.090000000000003,0.030000000000000426,0.0,0.0,70.4,70.31,0.13000000000000103,0.30000000000001137,0.013286093888397316,0,0.0,0,normal,recovery
105,sentinel_data_20260911_190122.csv,75876,98455,22.579,105,132.9,22.93665189167765,105,156,51,-51,-2.2587359936223925,28.1,28.03,0.04582575694955905,0.10000000000000142,0.004428894105142009,69.9,69.63999999999999,0.15620499351813477,0.4000000000000057,0.017715576420568035,0,0.0,0,normal,baseline
106,sentinel_data_20260911_190122.csv,100963,123543,22.58,201,154.2,36.630042315017874,101,201,100,91,4.0301151461470335,28.2,28.139999999999997,0.048989794855662516,0.0,0.0,69.3,69.41,0.15132745950421578,-0.4000000000000057,-0.017714791851196003,0,0.0,0,normal,baseline
107,sentinel_data_20260911_190122.csv,126052,148631,22.579,193,192.7,1.9519221295943134,190,196,6,-3,-0.13286682315425838,28.1,28.160000000000004,0.048989794855662516,0.0,0.0,69.4,69.41,0.2981610303175124,0.30000000000001137,0.01328668231542634,0,0.0,1,critical,event
108,sentinel_data_20260911_190122.csv,151140,173719,22.579,185,188.1,3.5623026261113755,182,193,11,-8,-0.35431152841135566,28.1,28.169999999999998,0.04582575694955742,-0.09999999999999787,-0.004428894105141852,69.4,69.55999999999999,0.30397368307141265,-0.8999999999999915,-0.039860046946277136,0,0.0,1,critical,event
109,sentinel_data_20260911_190322.csv,196299,218878,22.579,202,184.2,16.26530048907797,168,218,50,25,1.1072235262854866,28.2,28.209999999999997,0.030000000000000426,0.0,0.0,69.5,69.17999999999999,0.13266499161421724,0.4000000000000057,0.017715576420568035,0,0.0,0,normal,baseline
110,sentinel_data_20260911_190322.csv,221386,243966,22.58,181,178.2,15.96120296218302,136,195,59,-13,-0.5757307351638619,28.2,28.23,0.045825756949559045,0.0,0.0,69.7,69.59,0.21189620100417111,0.10000000000000853,0.004428697962799315,0,0.0,1,critical,event
111,sentinel_data_20260911_190322.csv,246475,269054,22.579,155,158.4,11.943198901466893,147,183,36,-25,-1.1072235262854866,28.3,28.290000000000003,0.08306623862918051,0.10000000000000142,0.004428894105142009,68.8,69.13,0.3099999999999991,-0.7000000000000028,-0.031002258735993746,1,0.1,1,critical,event
