source_file,window_number,mq2_last,temp_last,humidity_last,flame_last,mq2_mean,mq2_std,mq2_min,mq2_max,mq2_range,mq2_delta,mq2_slope_per_s,temp_mean,temp_std,temp_delta,temp_slope_per_s,humidity_mean,humidity_std,humidity_delta,humidity_slope_per_s,flame_count,flame_fraction,critical_count,label,anomaly_label,phase,window_duration_s
sentinel_data_20260911_153823.csv,0,146,28.8,74.9,0,135.6,5.2573757712379665,131,146,15,11,0.555654781228637,28.75,0.05000000000000071,0.0,-0.0007246604218677024,74.99,0.06999999999999601,-0.09999999999999432,-0.00652286828053889,0,0.0,0,normal,0,unknown,22.578000000000003
sentinel_data_20260911_153823.csv,1,143,28.7,74.9,0,142.1,1.445683229480096,140,145,5,2,0.16186201944690454,28.709999999999997,0.05385164807134508,0.0,-0.0026574027951721136,74.78,0.08717797887081535,0.0,0.0019326250625802991,0,0.0,0,normal,0,unknown,22.578000000000003
sentinel_data_20260911_153823.csv,2,145,28.6,75.2,0,142.3,1.676305461424021,140,145,5,2,0.07005791964831219,28.620000000000005,0.05999999999999943,-0.09999999999999787,-0.004831485040242393,75.06,0.12806248474865722,0.4000000000000057,0.011595302189895892,0,0.0,0,normal,0,unknown,22.578999999999994
sentinel_data_20260911_153823.csv,3,144,28.7,75.5,0,145.2,1.1661903789690602,144,147,3,0,-0.004828221522171367,28.590000000000003,0.05385164807134508,0.09999999999999787,0.00024160366571716757,75.27,0.12688577540449728,0.29999999999999716,0.01618571229663274,0,0.0,0,normal,0,unknown,22.579000000000008
sentinel_data_20260911_153823.csv,4,140,28.6,75.1,0,141.5,1.5,140,144,4,-4,-0.18118349032771225,28.600000000000005,0.044721359549995635,0.10000000000000142,0.0009664146628733433,75.22,0.10770329614269267,-0.30000000000001137,-0.01014639101211672,0,0.0,0,normal,0,unknown,22.579000000000008
sentinel_data_20260911_153823.csv,5,138,28.6,74.9,0,138.5,0.9219544457292888,137,140,3,1,-0.021742421497383927,28.610000000000003,0.02999999999999936,0.0,0.001691017313412195,75.14,0.10198039027185547,-0.29999999999999716,-0.004348445783228719,0,0.0,0,normal,0,unknown,22.579000000000008
sentinel_data_20260911_153823.csv,6,171,28.8,75.2,0,152.6,18.2931681236466,135,181,46,32,2.048450296382716,28.68,0.05999999999999943,0.1999999999999993,0.005314471782838519,75.22,0.11661903789690718,0.0,-0.00579744452034065,0,0.0,0,normal,0,unknown,22.579999999999984
sentinel_data_20260911_153823.csv,7,177,28.7,74.9,0,173.9,2.808914381037628,169,177,8,8,0.35028365751732154,28.74,0.04898979485566426,0.0,0.002415827723208431,75.02000000000001,0.07483314773547457,-0.09999999999999432,-0.003865085555243048,0,0.0,0,normal,0,unknown,22.579000000000008
sentinel_data_20260911_153823.csv,8,180,28.7,74.8,0,174.8,2.4,171,180,9,5,0.13045442411127092,28.759999999999998,0.04898979485566426,-0.10000000000000142,-0.005797910208409112,74.72,0.08717797887081438,0.20000000000000284,0.0043486733933186675,0,0.0,0,normal,0,unknown,22.579000000000036
sentinel_data_20260911_153823.csv,9,191,28.8,75.0,0,183.2,4.66476151587624,178,191,13,10,0.5266300206333513,28.73,0.04582575694955905,0.10000000000000142,0.0031403574322284534,74.94999999999999,0.11180339887498884,0.20000000000000284,0.00845467514784894,0,0.0,0,normal,0,unknown,22.579000000000008
sentinel_data_20260911_153823.csv,10,187,28.8,74.6,0,186.9,1.374772708486752,185,189,4,-2,-0.14253615401337374,28.790000000000003,0.030000000000000426,0.0,0.0007247777325947449,75.95000000000002,1.7188659051828332,-5.700000000000003,-0.20365480049489817,0,0.0,0,normal,0,unknown,22.577999999999975
sentinel_data_20260911_153823.csv,11,191,28.8,74.3,0,188.4,1.2806248474865698,186,191,5,5,0.13528859853515907,28.790000000000003,0.030000000000000426,0.0,0.0007247672279949954,74.48999999999998,0.12999999999999906,-0.29999999999999716,-0.01232104287590341,0,0.0,0,normal,0,unknown,22.57800000000003
sentinel_data_20260911_153823.csv,12,192,28.8,74.4,0,193.0,2.23606797749979,190,196,6,1,0.20776567108497143,28.75,0.05000000000000071,0.0,0.0012078257380516923,74.36,0.08000000000000149,0.0,-0.005314818426643732,0,0.0,0,normal,0,unknown,22.57800000000003
sentinel_data_20260911_153823.csv,13,192,28.6,74.4,0,192.1,1.0440306508910548,190,193,3,1,0.10387855778155126,28.690000000000005,0.06999999999999962,-0.09999999999999787,0.0007246499229023002,74.41,0.07000000000000048,-0.09999999999999432,-0.006039494030144602,0,0.0,0,normal,0,unknown,22.579000000000008
sentinel_data_20260911_153823.csv,14,192,28.6,74.6,0,194.0,3.714835124201342,190,201,11,-5,-0.3575314523801053,28.65,0.04999999999999894,-0.09999999999999787,-0.00024160133103378386,74.47,0.10049875621120559,0.19999999999998863,0.0036239044128572578,0,0.0,0,normal,0,unknown,22.579000000000008
sentinel_data_20260911_153823.csv,15,192,28.6,74.6,0,193.8,1.9899748742132397,192,197,5,0,0.05313971065951444,28.610000000000003,0.02999999999999936,0.0,0.00024165093441038486,74.59,0.10440306508910406,0.19999999999998863,0.0021737029222794026,0,0.0,0,normal,0,unknown,22.579000000000008
sentinel_data_20260911_153823.csv,16,200,28.6,74.6,0,193.7,2.6095976701399777,190,200,10,7,0.036238763923276233,28.620000000000005,0.05999999999999942,0.0,0.0009663387925703616,74.47999999999999,0.11661903789690425,0.19999999999998863,0.005797532041787817,0,0.0,0,normal,0,unknown,22.579000000000008
sentinel_data_20260911_153823.csv,17,195,28.7,74.6,0,195.7,2.491987158875422,191,199,8,4,0.03140493404097399,28.639999999999997,0.06633249580710733,0.0,0.0009661427157442623,74.5,0.06324555320336399,0.09999999999999432,0.0009663352895382089,0,0.0,0,normal,0,unknown,22.58000000000004
sentinel_data_20260911_153823.csv,18,196,28.6,74.6,0,193.9,1.044030650891055,192,196,4,3,0.031404706454901656,28.590000000000003,0.05385164807134508,0.0,0.002174065321355829,74.48,0.09797958971132416,0.19999999999998863,0.0038653131561418156,0,0.0,0,normal,0,unknown,22.579000000000008
sentinel_data_20260911_153823.csv,19,193,28.6,74.1,0,194.8,0.9797958971132713,193,197,4,-2,-0.048315328958532855,28.630000000000003,0.04582575694955742,-0.09999999999999787,-0.0012080469211775526,74.34,0.16248076809271803,-0.5,-0.021258567563594438,0,0.0,0,normal,0,unknown,22.57899999999995
sentinel_data_20260911_153823.csv,20,194,28.6,74.2,0,194.3,1.4866068747318506,192,197,5,1,0.07005735947390557,28.640000000000004,0.048989794855662516,0.0,5.731248734513421e-16,74.21000000000001,0.13000000000000048,-0.09999999999999432,0.007972150610264362,0,0.0,0,normal,0,unknown,22.579000000000065
sentinel_data_20260911_153823.csv,21,195,28.7,74.1,0,195.1,0.5385164807134505,194,196,2,0,-0.02657383536071647,28.689999999999998,0.05385164807134461,0.09999999999999787,0.000724765475552104,74.14000000000001,0.04898979485566774,-0.10000000000000853,-0.0048314873749756605,0,0.0,0,normal,0,unknown,22.579000000000065
sentinel_data_20260911_153823.csv,22,196,28.6,73.9,0,195.8,1.077032961426901,194,198,4,0,0.07247192544915891,28.690000000000005,0.05385164807134461,-0.09999999999999787,-0.0026574605711719886,73.91,0.0943398113205655,-0.09999999999999432,-0.005556021745230507,0,0.0,0,normal,0,unknown,22.57899999999995
sentinel_data_20260911_153823.csv,23,195,28.6,74.1,0,194.9,0.9433981132056604,193,196,3,0,-0.03140488735928334,28.620000000000005,0.03999999999999915,0.0,-0.0019325106751975016,73.96000000000001,0.09165151389911655,0.09999999999999432,0.00821356518401971,0,0.0,0,normal,0,unknown,22.57899999999995
sentinel_data_20260911_153823.csv,24,192,28.5,74.4,0,193.1,1.0440306508910548,192,195,3,-3,-0.11837118859520657,28.54,0.04898979485566426,-0.10000000000000142,-0.002898711745757788,74.33,0.10999999999999995,0.20000000000000284,0.012320391551781941,0,0.0,0,normal,0,unknown,22.579000000000065
sentinel_data_20260911_153823.csv,25,205,28.5,74.6,0,205.4,8.845337754998392,192,229,37,13,-0.14976271249891565,28.55,0.05000000000000071,0.0,-0.0016909904697920198,74.54,0.10198039027185546,0.09999999999999432,0.008696439884453178,0,0.0,0,normal,0,unknown,22.58000000000004
sentinel_data_20260911_153823.csv,26,204,28.6,74.5,0,203.1,1.1357816691600546,201,205,4,1,0.11837271176608057,28.580000000000002,0.060000000000000143,0.10000000000000142,0.00628113387872875,74.5,0.09999999999999716,-0.09999999999999432,-0.007247269580016979,0,0.0,0,normal,0,unknown,22.57899999999995
sentinel_data_20260911_153823.csv,27,201,28.6,74.3,0,200.9,1.2206555615733703,199,203,4,-2,-0.021742579091046755,28.610000000000003,0.02999999999999936,0.0,0.0016910552470365831,74.38,0.08717797887081406,-0.10000000000000853,-0.007730356689435661,0,0.0,0,normal,0,unknown,22.57899999999995
sentinel_data_20260911_153823.csv,28,202,28.6,74.2,0,201.0,1.4142135623730951,198,203,5,1,-0.019321675366098398,28.580000000000005,0.04000000000000057,0.10000000000000142,0.0038651824306551417,74.21,0.05385164807134488,0.0,0.002174203633490846,0,0.0,0,normal,0,unknown,22.579000000000065
sentinel_data_20260911_153823.csv,29,200,28.6,74.4,0,198.6,2.1071307505705477,194,202,8,1,-0.0917954098258882,28.590000000000003,0.030000000000000426,0.0,0.00024163984858286214,74.39,0.08306623862918064,0.10000000000000853,0.005556291368077028,0,0.0,0,normal,0,unknown,22.579000000000065
sentinel_data_20260911_153823.csv,30,199,28.7,74.2,0,198.8,1.077032961426901,196,200,4,0,-0.04831333304778116,28.630000000000003,0.06403124237432785,0.09999999999999787,0.002657537606271534,74.35000000000001,0.11180339887498948,-0.20000000000000284,0.003623634790009145,0,0.0,0,normal,0,unknown,22.57899999999995
sentinel_data_20260911_153823.csv,31,197,28.7,74.0,0,197.5,0.5,197,198,1,0,0.01207927869419646,28.689999999999998,0.05385164807134461,0.0,0.00024170112820881643,74.07,0.12688577540449347,-0.29999999999999716,-0.016185886787244103,0,0.0,0,normal,0,unknown,22.577999999999975
sentinel_data_20260911_153823.csv,32,199,28.8,73.6,0,196.9,1.374772708486752,195,199,4,0,0.03623750340981229,28.78,0.04000000000000057,0.10000000000000142,0.0038654929198429526,73.77000000000001,0.10049875621121111,-0.30000000000001137,-0.010871713282676184,0,0.0,0,normal,0,unknown,22.577999999999975
sentinel_data_20260911_153823.csv,33,197,28.8,73.5,0,197.6,0.4898979485566356,197,198,1,-1,-0.04831941444578794,28.8,0.0,0.0,1.5051790341223768e-16,73.61999999999999,0.08717797887081406,-0.09999999999999432,0.0019327919871591774,0,0.0,0,normal,0,unknown,22.576999999999998
sentinel_data_20260911_153823.csv,34,196,28.6,73.7,0,196.7,0.6403124237432849,196,198,2,-1,-0.0217449428755123,28.720000000000006,0.060000000000000143,-0.09999999999999787,-0.003865361014780296,73.62,0.04000000000000341,0.10000000000000853,0.0038653610147800633,0,0.0,0,normal,0,unknown,22.577999999999975
sentinel_data_20260911_153823.csv,35,196,28.7,73.9,0,195.6,0.8,194,197,3,0,-0.024158557388387472,28.679999999999996,0.03999999999999915,0.09999999999999787,0.003382082480050381,73.66,0.10198039027185882,0.30000000000001137,0.006763972369559058,0,0.0,0,normal,0,unknown,22.577999999999975
sentinel_data_20260911_153823.csv,36,195,28.6,73.7,0,195.7,0.7810249675906654,194,197,3,-1,-0.07005783801631295,28.610000000000003,0.02999999999999936,0.0,-0.001690978211937047,73.81,0.08306623862918219,0.0,0.002657075395673879,0,0.0,0,normal,0,unknown,22.57899999999995
sentinel_data_20260911_153823.csv,37,197,28.6,73.9,0,194.4,1.8,192,197,5,2,0.07247339613108816,28.620000000000005,0.03999999999999915,0.0,-0.0014494294046992586,73.92999999999999,0.04582575694955579,-0.09999999999999432,-0.0031404624751177096,0,0.0,0,normal,0,unknown,22.57899999999995
sentinel_data_20260911_153823.csv,38,196,28.6,73.9,0,196.4,0.4898979485566356,196,197,1,0,0.009662757655770033,28.660000000000004,0.048989794855662516,0.0,-0.00289886581372364,73.77,0.07810249675906757,0.10000000000000853,0.004107105319856997,0,0.0,0,normal,0,unknown,22.579000000000065
sentinel_data_20260911_165323.csv,0,211,28.5,73.6,0,212.5,2.8722813232690143,208,217,9,-4,-0.2729832538201624,28.5,0.0,0.0,4.0214193530422767e-16,73.62,0.1077032961426895,-0.10000000000000853,-0.0101463910121174,0,0.0,0,normal,0,unknown,22.578999999999994
sentinel_data_20260911_165323.csv,1,209,28.5,73.4,0,207.1,3.2078029864690882,200,212,12,-1,0.02173991811297914,28.52,0.04000000000000057,-0.10000000000000142,-0.0004831092913991255,73.44,0.048989794855660775,-0.09999999999999432,-0.0033817650397952375,0,0.0,0,normal,0,unknown,22.58099999999999
sentinel_data_20260911_165323.csv,2,208,28.5,73.3,0,207.6,0.4898979485566356,207,208,1,0,-0.009661824064572477,28.52,0.04000000000000057,-0.10000000000000142,-0.0004829564282722796,73.41999999999999,0.05999999999999943,-0.10000000000000853,-0.0014494853989039345,0,0.0,0,normal,0,unknown,22.581999999999994
sentinel_data_20260911_165323.csv,3,212,28.5,73.1,0,213.5,2.6172504656604803,208,218,10,4,0.05555756851093421,28.560000000000002,0.04898979485566426,0.0,3.162094644922765e-16,73.34,0.09165151389912089,-0.30000000000001137,-0.009179076536588974,0,0.0,0,normal,0,unknown,22.581000000000017
sentinel_data_20260911_165323.csv,4,212,28.5,73.4,0,212.1,0.5385164807134505,211,213,2,-1,0.002415546457000332,28.52,0.06000000000000085,0.0,-0.0038648743311952855,73.29999999999998,0.06324555320336848,0.10000000000000853,0.0033817650397957467,0,0.0,0,normal,0,unknown,22.581000000000017
sentinel_data_20260911_165323.csv,5,208,28.4,73.4,0,206.9,1.5132745950421556,205,209,4,-1,-0.09421650032018886,28.49,0.053851648071345806,-0.10000000000000142,-0.003623690811559679,73.52,0.08717797887081144,-0.09999999999999432,-0.000483294863639436,0,0.0,0,normal,0,unknown,22.57899999999998
sentinel_data_20260911_165323.csv,6,211,28.5,73.7,0,210.7,0.7810249675906655,209,212,3,2,0.0700597872812957,28.47,0.045825756949559045,0.0,-0.00120813856567397,73.63000000000001,0.0458257569495623,0.10000000000000853,0.0041070008661105864,0,0.0,0,normal,0,unknown,22.57800000000003
sentinel_data_20260911_165323.csv,7,207,28.4,73.7,0,208.4,1.1135528725660042,207,210,3,-3,-0.019329799138744365,28.419999999999998,0.04000000000000057,0.0,-0.0024159071010613526,73.72,0.09797958971132939,0.10000000000000853,0.006764408914443616,0,0.0,0,normal,0,unknown,22.57800000000003
sentinel_data_20260911_165323.csv,8,205,28.4,73.8,0,204.0,3.03315017762062,200,208,8,-3,-0.09663551363935896,28.409999999999997,0.05385164807134508,0.0,-0.0021744049873127615,73.77,0.06403124237432774,0.0,0.0021744820276225103,0,0.0,0,normal,0,unknown,22.577999999999975
sentinel_data_20260911_165323.csv,9,201,28.4,74.0,0,201.8,1.077032961426901,200,203,3,-2,0.02898949848714492,28.409999999999997,0.05385164807134508,0.0,0.0026574477349654265,73.9,0.0774596669241476,0.09999999999999432,-0.0019329413937195093,0,0.0,0,normal,0,unknown,22.57800000000003
sentinel_data_20260911_165323.csv,10,187,28.4,73.9,0,198.1,4.72122865364515,187,202,15,-14,-0.4421003049338275,28.409999999999997,0.030000000000000426,-0.10000000000000142,-0.0021743016839837984,73.78999999999999,0.09433981132056851,0.10000000000000853,0.00459012824277407,0,0.0,0,normal,0,unknown,22.577999999999975
sentinel_data_20260911_165323.csv,11,188,28.4,73.8,0,188.2,0.8717797887081347,187,190,3,1,0.05797784136964117,28.439999999999998,0.04898979485566426,0.0,0.0014495519646696216,73.82000000000001,0.07483314773547951,0.0,-0.0009665477371673479,0,0.0,0,normal,0,unknown,22.577999999999975
sentinel_data_20260911_165323.csv,12,184,28.4,73.7,0,186.1,1.57797338380595,184,188,4,-4,-0.2053422577792515,28.45,0.05000000000000071,-0.10000000000000142,-0.0016912093172349095,73.66,0.08000000000000149,0.0,0.0009663668065867915,0,0.0,0,normal,0,unknown,22.57899999999995
sentinel_data_20260911_165323.csv,13,186,28.4,73.9,0,185.6,0.8,184,187,3,2,0.06764293353978387,28.4,0.0,0.0,-1.2783494154556414e-16,73.78,0.12489995996797018,0.30000000000001137,0.0077306870105273455,0,0.0,0,normal,0,unknown,22.57800000000003
sentinel_data_20260911_165323.csv,14,191,28.5,73.9,0,190.9,6.640030120413611,185,203,18,5,0.6353712796496571,28.4,0.044721359549995635,0.10000000000000142,0.0009662780960831436,73.89,0.07000000000000149,0.10000000000000853,0.004107076739943978,0,0.0,0,normal,0,unknown,22.577999999999975
sentinel_data_20260911_165323.csv,15,189,28.3,73.8,0,189.7,0.9,188,191,3,-1,-0.0893873161074138,28.380000000000003,0.03999999999999915,0.0,-4.684092008773013e-16,73.92,0.11661903789690498,0.0,-0.005797945220386628,0,0.0,0,normal,0,unknown,22.57800000000003
sentinel_data_20260911_165323.csv,16,181,28.5,73.7,0,183.8,2.993325909419153,179,187,8,-6,-0.3768734952829613,28.459999999999997,0.04898979485566426,0.0,-0.00048304274728101256,73.67,0.06403124237433107,0.0,-0.004106922656159085,0,0.0,0,normal,0,unknown,22.577999999999975
sentinel_data_20260911_165323.csv,17,201,28.4,73.8,0,200.3,8.866228059327145,182,219,37,19,-0.041098212239787796,28.4,0.0,0.0,6.114918872563327e-16,73.72,0.05999999999999943,0.20000000000000284,0.004831841051511451,0,0.0,0,normal,0,unknown,22.576999999999998
sentinel_data_20260911_165323.csv,18,202,28.4,73.6,0,200.4,1.5620499351813308,198,203,5,-1,-0.12079054581762992,28.380000000000003,0.03999999999999915,0.0,0.0009662057238896975,73.68,0.07483314773547951,-0.20000000000000284,-0.00773072436067654,0,0.0,0,normal,0,unknown,22.577999999999975
sentinel_data_20260911_165323.csv,19,198,28.4,73.5,0,200.3,1.7916472867168918,198,203,5,-4,-0.2246458205007425,28.409999999999997,0.030000000000000426,0.0,-0.00024155464569933978,73.53999999999999,0.06633249580710766,-0.09999999999999432,-0.002898655748396695,0,0.0,0,normal,0,unknown,22.581000000000017
sentinel_data_20260911_165323.csv,20,200,28.4,73.6,0,199.3,1.4177446878757827,198,202,4,2,0.1666821756397253,28.4,0.044721359549995635,0.0,-0.0019324593297553013,73.63000000000001,0.06403124237433107,-0.10000000000000853,0.0026570689925382142,0,0.0,0,normal,0,unknown,22.58000000000004
sentinel_data_20260911_165323.csv,21,198,28.4,73.7,0,199.2,1.2489995996796797,197,201,4,1,0.014491072580549335,28.380000000000003,0.03999999999999915,0.09999999999999787,0.0019325410254206845,73.66,0.06633249580711065,0.10000000000000853,-0.0019323869552224265,0,0.0,0,normal,0,unknown,22.57899999999995
sentinel_data_20260911_165323.csv,22,198,28.4,73.6,0,198.2,0.7483314773547882,197,199,2,1,0.004831279609905253,28.380000000000003,0.03999999999999915,0.0,-0.0028989603546167382,73.67,0.07810249675906847,0.0,0.002174056565589012,0,0.0,0,normal,0,unknown,22.57899999999995
sentinel_data_20260911_165323.csv,23,201,28.4,73.6,0,199.9,1.57797338380595,197,202,5,2,0.137686148048845,28.35,0.04999999999999894,0.0,-0.0007246639370989764,73.53,0.0781024967590652,-0.10000000000000853,-0.003623319685495509,0,0.0,0,normal,0,unknown,22.581000000000017
sentinel_data_20260911_165323.csv,24,196,28.4,73.5,0,198.2,1.5362291495737217,196,200,4,-4,-0.16908825198979696,28.389999999999997,0.02999999999999936,0.0,0.0016908825198993912,73.5,0.044721359549993255,0.0,0.0009662185828032961,0,0.0,0,normal,0,unknown,22.581000000000017
sentinel_data_20260911_165323.csv,25,198,28.4,73.4,0,198.7,0.7810249675906655,197,200,3,1,0.045895382682950195,28.389999999999997,0.02999999999999936,0.0,0.001207773228498923,73.39,0.0830662386291808,-0.09999999999999432,-0.003140210394096624,0,0.0,0,normal,0,unknown,22.580999999999904
sentinel_data_20260911_165323.csv,26,200,28.4,73.5,0,199.1,0.7000000000000001,198,200,2,1,0.04106428976895151,28.389999999999997,0.02999999999999936,0.0,-0.0016908825198979534,73.51,0.10440306508910502,0.0,0.007005084725291832,0,0.0,0,normal,0,unknown,22.581000000000017
sentinel_data_20260911_165323.csv,27,204,28.3,73.6,0,202.7,1.4177446878757827,201,205,4,3,0.1715159472069212,28.340000000000003,0.06633249580710744,0.0,-0.00048341041070772855,73.67,0.07810249675906775,0.09999999999999432,0.0026571781156538242,0,0.0,0,normal,0,unknown,22.57899999999995
sentinel_data_20260911_165323.csv,28,216,28.3,73.5,0,210.2,4.377213725647858,204,216,12,12,0.5990936009160921,28.340000000000003,0.048989794855662516,-0.09999999999999787,0.0014495799627060098,73.67999999999999,0.09797958971132766,-0.20000000000000284,1.5405903596901843e-07,0,0.0,0,normal,0,unknown,22.579000000000065
sentinel_data_20260911_165323.csv,29,212,28.3,73.5,0,210.9,0.5385164807134505,210,212,2,1,0.01207990305051636,28.3,0.044721359549995635,0.0,-0.0019326612414510588,73.68,0.07483314773547951,-0.29999999999999716,-0.006763967713928299,0,0.0,0,normal,0,unknown,22.579999999999927
sentinel_data_20260911_165323.csv,30,210,28.3,73.5,0,210.9,1.2206555615733703,210,213,3,-3,-0.0942063118228899,28.340000000000003,0.048989794855662516,0.0,0.0019324371655974708,73.58000000000001,0.07483314773547912,0.0,0.0009662185827988252,0,0.0,0,normal,0,unknown,22.581000000000017
sentinel_data_20260911_165323.csv,31,206,28.4,73.6,0,207.3,1.3453624047073711,205,209,4,-3,-0.16184161261880514,28.32,0.03999999999999915,0.09999999999999787,0.0009662185827998338,73.57,0.06403124237432774,0.0,-0.0016908825198961518,0,0.0,0,normal,0,unknown,22.581000000000017
sentinel_data_20260911_165323.csv,32,207,28.3,73.4,0,205.6,1.1135528725660042,204,207,3,2,0.13043950867785464,28.320000000000004,0.03999999999999915,-0.09999999999999787,-0.0009662185827981138,73.41,0.05385164807134488,-0.09999999999999432,-0.003140210394094938,0,0.0,0,normal,0,unknown,22.580999999999904
sentinel_data_20260911_165323.csv,33,206,28.4,73.2,0,205.8,0.8717797887081348,205,208,3,-2,-0.08213304909656333,28.35,0.04999999999999894,0.09999999999999787,0.002174009307534686,73.32000000000001,0.07483314773548065,-0.20000000000000284,-0.009662695799785608,0,0.0,0,normal,0,unknown,22.58000000000004
sentinel_data_20260911_165323.csv,34,205,28.3,73.4,0,204.7,0.6403124237432849,203,205,2,0,0.036233196854964636,28.310000000000002,0.05385164807134461,0.0,-0.0026571011026958464,73.4,0.11832159566199399,0.10000000000000853,0.0053142022053972345,0,0.0,0,normal,0,unknown,22.581000000000017
sentinel_data_20260911_165323.csv,35,209,28.3,73.5,0,203.1,3.080584360149872,199,209,10,4,0.13769152148697206,28.330000000000002,0.04582575694955742,0.0,-0.0012077784775552799,73.39999999999999,0.1,0.0,-0.0009659840297618357,0,0.0,0,normal,0,unknown,22.58199999999988
sentinel_data_20260911_165323.csv,36,211,28.4,73.3,0,211.4,1.2,210,214,4,0,-0.10628404410787817,28.369999999999997,0.04582575694955742,0.09999999999999787,0.0021739918112981594,73.35999999999999,0.06633249580711066,0.0,-0.0019324371655980409,0,0.0,0,normal,0,unknown,22.58100000000013
sentinel_data_20260911_165323.csv,37,211,28.4,73.2,0,210.5,0.5,210,211,1,1,-0.016908825198975977,28.380000000000003,0.03999999999999915,0.0,-0.0019324371655970707,73.22,0.05999999999999943,-0.09999999999999432,0.002415546456997995,0,0.0,0,normal,0,unknown,22.580999999999904
sentinel_data_20260911_165323.csv,38,205,28.3,73.0,0,208.7,2.758622844826744,204,211,7,-6,-0.33576095752261786,28.369999999999997,0.04582575694955742,-0.09999999999999787,-0.005072647559694761,73.12,0.060000000000002274,-0.20000000000000284,-0.00483109291399523,0,0.0,0,normal,0,unknown,22.580999999999904
sentinel_data_20260911_165323.csv,39,221,28.3,73.2,0,214.7,6.3095166217389425,205,221,16,16,0.7753904126961118,28.380000000000003,0.03999999999999915,-0.09999999999999787,-0.0019324371655971612,73.14,0.10198039027185603,0.10000000000000853,-0.0033817650397963655,0,0.0,0,normal,0,unknown,22.58100000000013
sentinel_data_20260911_165323.csv,40,220,28.4,73.2,0,221.8,1.32664991614216,220,224,4,-2,-0.08695967245189817,28.389999999999997,0.02999999999999936,0.0,-0.00169088251989815,73.17000000000002,0.045825756949562306,0.0,-0.0021739918112970817,0,0.0,0,normal,0,unknown,22.580999999999904
sentinel_data_20260911_165323.csv,41,225,28.4,73.1,0,224.6,1.4966629547095762,221,226,5,4,0.11594622993587134,28.340000000000003,0.048989794855662516,0.09999999999999787,0.0033817650397956595,73.16000000000001,0.08000000000000149,-0.10000000000000853,-0.0009662185827998367,0,0.0,0,normal,0,unknown,22.58100000000013
sentinel_data_20260911_165323.csv,42,228,28.4,73.0,0,227.9,2.7367864366808017,224,231,7,3,0.2874500283826765,28.389999999999997,0.02999999999999936,0.0,0.0012077732284996481,73.1,0.07745966692414945,-0.20000000000000284,-0.005797311496789534,0,0.0,0,normal,0,unknown,22.580999999999904
sentinel_data_20260911_165323.csv,43,234,28.4,73.0,0,226.1,6.833008122342604,211,234,23,5,0.2150125718330714,28.389999999999997,0.02999999999999936,0.0,-0.0002415213826202662,72.94,0.09165151389911594,0.09999999999999432,0.005797668603297807,0,0.0,0,normal,0,unknown,22.579999999999927
sentinel_data_20260911_165323.csv,44,229,28.4,72.9,0,231.9,2.7730849247724096,229,237,8,-8,-0.3502542362645992,28.410000000000004,0.053851648071345085,0.0,-0.00024155464569928652,72.91,0.07000000000000048,-0.09999999999999432,-0.006038866142492785,0,0.0,0,normal,0,unknown,22.58100000000013
sentinel_data_20260911_165323.csv,45,224,28.5,72.8,0,227.1,1.3,224,229,5,-5,-0.1618416126188109,28.48,0.04000000000000057,0.0,7.025101436689039e-16,72.72999999999999,0.07810249675906683,0.0,0.0012077732285002182,0,0.0,0,normal,0,unknown,22.580999999999904
sentinel_data_20260911_165323.csv,46,227,28.4,72.9,0,225.5,1.9621416870348585,223,228,5,3,0.22947691341474527,28.419999999999998,0.04000000000000057,0.0,-0.0009662185827983263,72.78,0.09797958971132939,0.20000000000000284,0.005797311496795066,0,0.0,0,normal,0,unknown,22.580999999999904
sentinel_data_20260911_165323.csv,47,233,28.4,72.8,0,231.1,1.8681541692269403,226,233,7,7,0.14251724096283497,28.369999999999997,0.04582575694955742,0.0,-0.002173991811297001,72.83,0.09000000000000088,-0.10000000000000853,0.0016908825198985364,0,0.0,0,normal,0,unknown,22.58100000000013
sentinel_data_20260911_165323.csv,48,235,28.3,73.0,0,233.6,0.8,232,235,3,3,0.09662185827988637,28.310000000000002,0.02999999999999936,0.0,-0.0016908825198986791,72.95,0.06708203932499306,0.0,0.0007246639370970016,0,0.0,0,normal,0,unknown,22.580999999999904
sentinel_data_20260911_182814.csv,0,193,28.0,70.9,0,191.3,1.4177446878757827,188,193,5,2,0.09904416760880512,27.97,0.045825756949559045,0.0,0.0007246936944566529,70.96,0.06633249580710422,-0.09999999999999432,-0.0028986977483082947,0,0.0,0,normal,0,baseline,22.57900000000018
sentinel_data_20260911_182814.csv,1,197,27.9,71.1,0,194.3,1.7916472867168918,192,197,5,4,0.026577109069130654,27.93,0.045825756949559045,0.0,-0.0007246551802562533,71.05,0.06708203932498988,0.19999999999998863,0.0036236610488644414,0,0.0,0,normal,0,baseline,22.579999999999927
sentinel_data_20260911_182814.csv,2,199,27.9,71.3,0,194.6,2.835489375751565,190,199,9,7,0.323702971114093,27.9,0.0,0.0,-2.562625093073439e-16,71.05999999999999,0.12806248474865548,0.09999999999999432,0.006281096508678506,0,0.0,0,normal,0,baseline,22.579999999999927
sentinel_data_20260911_182814.csv,3,194,28.1,71.0,0,201.4,6.6513156593263565,194,215,21,-10,-0.6957194621155286,27.95,0.08062257748298599,0.3000000000000007,0.008938139829610123,71.27000000000001,0.1734935157289752,-0.20000000000000284,-0.0012083001653522797,0,0.0,0,normal,0,baseline,22.579999999999927
sentinel_data_20260911_182814.csv,4,185,28.2,71.0,0,188.1,2.662705391138869,183,192,9,-7,-0.33094553147154687,28.080000000000002,0.060000000000000143,0.1999999999999993,0.0062807498825524465,70.94000000000001,0.09165151389911592,0.0,0.00048319682129626556,0,0.0,0,normal,0,baseline,22.580000000000382
sentinel_data_20260911_182814.csv,5,214,28.2,70.6,0,209.2,8.506468127254694,185,215,30,29,0.8068308523248506,28.189999999999998,0.02999999999999936,0.0,0.0012077609691554434,70.8,0.14142135623731153,-0.4000000000000057,-0.015460488122809172,0,0.0,0,normal,0,baseline,22.580000000000382
sentinel_data_20260911_182814.csv,6,209,28.3,70.7,0,211.2,1.16619037896906,209,213,4,-3,-0.13044507512047063,28.22,0.04000000000000057,0.0,-7.762927801661913e-16,70.54,0.11999999999999815,0.20000000000000284,-0.003865595568301551,0,0.0,0,normal,0,baseline,22.578999999999724
sentinel_data_20260911_182814.csv,7,151,28.3,70.3,0,196.8,33.09924470437354,151,259,108,-61,-1.6474026836721043,28.24,0.04898979485566426,0.10000000000000142,0.0019324371655977536,70.32,0.12489995996797155,-0.20000000000000284,-0.007729748662391032,0,0.0,0,normal,0,baseline,22.58100000000013
sentinel_data_20260911_182814.csv,8,175,28.2,70.6,1,206.8,15.860643114325471,175,233,58,-31,-0.8020743715796161,28.23,0.045825756949559045,-0.10000000000000142,-0.00024155989663388725,70.74000000000001,0.1685229954635277,0.19999999999998863,0.009662357351342417,1,0.1,4,critical,1,event,22.579999999999927
sentinel_data_20260911_182814.csv,9,213,28.3,69.9,0,200.7,11.730728877610291,186,228,42,-15,-0.045851559320457945,28.340000000000003,0.048989794855662516,0.0,-0.0004833006882672226,70.28999999999999,0.30805843601498745,-0.5999999999999943,-0.03840857852012901,3,0.3,10,critical,1,recovery,22.579999999999927
sentinel_data_20260911_182814.csv,10,240,28.2,70.1,0,230.1,8.227393268830657,214,242,28,-2,0.47103155911445627,28.229999999999997,0.06403124237432867,-0.10000000000000142,-0.006521975433892429,70.03999999999999,0.11135528725659921,0.0,0.002898655748397045,0,0.0,1,critical,1,recovery,22.58100000000013
sentinel_data_20260911_182814.csv,11,230,28.1,70.4,0,236.2,7.30479294709987,224,247,23,6,-0.05795858444633953,28.090000000000003,0.030000000000000426,0.0,-0.0002416369246623343,70.31,0.13000000000000103,0.30000000000001137,0.015218774170120693,0,0.0,0,normal,0,recovery,22.579999999999927
sentinel_data_20260911_190122.csv,0,105,28.1,69.9,0,132.9,22.93665189167765,105,156,51,-51,-2.9303580999712207,28.03,0.04582575694955905,0.10000000000000142,0.0036237801082700037,69.63999999999999,0.15620499351813477,0.4000000000000057,0.014011944616178749,0,0.0,0,normal,0,baseline,22.578999999999994
sentinel_data_20260911_190122.csv,1,201,28.2,69.3,0,154.2,36.630042315017874,101,201,100,91,3.657403104554032,28.139999999999997,0.048989794855662516,0.0,0.0019325842123063433,69.41,0.15132745950421578,-0.4000000000000057,-0.019083989865877077,0,0.0,0,normal,0,baseline,22.580000000000013
sentinel_data_20260911_190122.csv,2,193,28.1,69.4,0,192.7,1.9519221295943134,190,196,6,-3,-0.1908391457264556,28.160000000000004,0.048989794855662516,0.0,0.002898886822992708,69.41,0.2981610303175124,0.30000000000001137,0.029229941420626637,0,0.0,3,critical,1,event,22.578999999999994
sentinel_data_20260911_190122.csv,3,185,28.1,69.4,0,188.1,3.5623026261113755,182,193,11,-8,-0.4034396795017801,28.169999999999998,0.04582575694955742,-0.09999999999999787,-0.000724735711926896,69.55999999999999,0.30397368307141265,-0.8999999999999915,-0.030921556321317524,0,0.0,10,critical,1,event,22.579000000000008
sentinel_data_20260911_190322.csv,0,202,28.2,69.5,0,184.2,16.26530048907797,168,218,50,25,1.47363064580375,28.209999999999997,0.030000000000000426,0.0,-0.0016910832578894447,69.17999999999999,0.13266499161421724,0.4000000000000057,0.005798109788284329,0,0.0,0,normal,0,baseline,22.57899999999998
sentinel_data_20260911_190322.csv,1,181,28.2,69.7,0,178.2,15.96120296218302,136,195,59,-13,-0.6473687233443881,28.23,0.045825756949559045,0.0,0.0007247864801167373,69.59,0.21189620100417111,0.10000000000000853,-0.00024185225718670504,0,0.0,7,critical,1,event,22.580000000000013
sentinel_data_20260911_190322.csv,2,155,28.3,68.8,0,158.4,11.943198901466893,147,183,36,-25,-1.1981602415012713,28.290000000000003,0.08306623862918051,0.10000000000000142,0.0065223973091418225,69.13,0.3099999999999991,-0.7000000000000028,-0.0316458053159469,1,0.1,10,critical,1,event,22.57899999999998
